Cycle,Area(mm^2),PeakDynamic(W),SubthresholdLeakage(W),GateLeakage(W),RunTimeDynamic(W)
1000,23.8212,1.028147,0.538949,0.086720,9.419639
2000,23.8212,1.028147,0.538949,0.086720,9.124054
3000,23.8212,1.028147,0.538949,0.086720,9.124054
4000,23.8212,1.028147,0.538949,0.086720,9.124054
5000,23.8212,1.028147,0.538949,0.086720,9.124054
6000,23.8212,1.028147,0.538949,0.086720,15.215340
7000,23.8212,1.028147,0.538949,0.086720,15.291914
8000,23.8212,1.028147,0.538949,0.086720,10.830057
9000,23.8212,1.028147,0.538949,0.086720,12.818395
10000,23.8212,1.028147,0.538949,0.086720,16.073090
11000,23.8212,1.028147,0.538949,0.086720,15.987277
12000,23.8212,1.028147,0.538949,0.086720,15.378452
13000,23.8212,1.028147,0.538949,0.086720,14.392052
14000,23.8212,1.028147,0.538949,0.086720,14.106343
15000,23.8212,1.028147,0.538949,0.086720,14.567714
16000,23.8212,1.028147,0.538949,0.086720,16.404053
17000,23.8212,1.028147,0.538949,0.086720,16.339398
18000,23.8212,1.028147,0.538949,0.086720,15.478515
19000,23.8212,1.028147,0.538949,0.086720,14.463474
20000,23.8212,1.028147,0.538949,0.086720,14.588937
21000,23.8212,1.028147,0.538949,0.086720,14.269323
22000,23.8212,1.028147,0.538949,0.086720,15.682759
23000,23.8212,1.028147,0.538949,0.086720,16.377442
24000,23.8212,1.028147,0.538949,0.086720,15.204660
25000,23.8212,1.028147,0.538949,0.086720,14.742475
26000,23.8212,1.028147,0.538949,0.086720,14.710633
27000,23.8212,1.028147,0.538949,0.086720,14.404713
28000,23.8212,1.028147,0.538949,0.086720,15.801599
29000,23.8212,1.028147,0.538949,0.086720,15.455294
30000,23.8212,1.028147,0.538949,0.086720,15.049516
31000,23.8212,1.028147,0.538949,0.086720,14.936741
32000,23.8212,1.028147,0.538949,0.086720,15.070062
33000,23.8212,1.028147,0.538949,0.086720,16.041291
34000,23.8212,1.028147,0.538949,0.086720,15.933322
35000,23.8212,1.028147,0.538949,0.086720,15.899126
36000,23.8212,1.028147,0.538949,0.086720,14.833949
37000,23.8212,1.028147,0.538949,0.086720,15.037396
38000,23.8212,1.028147,0.538949,0.086720,15.786414
39000,23.8212,1.028147,0.538949,0.086720,15.580942
40000,23.8212,1.028147,0.538949,0.086720,16.359964
41000,23.8212,1.028147,0.538949,0.086720,5.609446
