Cycle,Area(mm^2),PeakPower(W),TotalLeakage(W),PeakDynamic(W),SubthresholdLeakage(W),GateLeakage(W),RunTimeDynamic(W)
1000,40.6137,7.425191,0.693847,6.731343,0.599781,0.094066,10.049629
2000,40.6137,7.425191,0.693847,6.731343,0.599781,0.094066,9.674274
3000,40.6137,7.425191,0.693847,6.731343,0.599781,0.094066,9.674274
4000,40.6137,7.425191,0.693847,6.731343,0.599781,0.094066,9.674274
5000,40.6137,7.425191,0.693847,6.731343,0.599781,0.094066,9.674274
6000,40.6137,7.425191,0.693847,6.731343,0.599781,0.094066,32.153273
7000,40.6137,7.425191,0.693847,6.731343,0.599781,0.094066,42.257449
