Cycle,Area(mm^2),PeakDynamic(W),SubthresholdLeakage(W),GateLeakage(W),RunTimeDynamic(W)
1000,23.8212,1.028147,0.538949,0.086720,8.730115
2000,23.8212,1.028147,0.538949,0.086720,8.739869
3000,23.8212,1.028147,0.538949,0.086720,8.739869
4000,23.8212,1.028147,0.538949,0.086720,8.739869
5000,23.8212,1.028147,0.538949,0.086720,8.739869
6000,23.8212,1.028147,0.538949,0.086720,8.572435
7000,23.8212,1.028147,0.538949,0.086720,8.445236
8000,23.8212,1.028147,0.538949,0.086720,8.463282
9000,23.8212,1.028147,0.538949,0.086720,8.449718
10000,23.8212,1.028147,0.538949,0.086720,8.450403
11000,23.8212,1.028147,0.538949,0.086720,8.457600
