Cycle,Area(mm^2),PeakDynamic(W),SubthresholdLeakage(W),GateLeakage(W),RunTimeDynamic(W)
1000,23.8212,1.028147,0.538949,0.086720,8.833819
2000,23.8212,1.028147,0.538949,0.086720,8.803902
3000,23.8212,1.028147,0.538949,0.086720,8.803902
4000,23.8212,1.028147,0.538949,0.086720,8.803902
5000,23.8212,1.028147,0.538949,0.086720,8.803902
6000,23.8212,1.028147,0.538949,0.086720,8.659657
7000,23.8212,1.028147,0.538949,0.086720,8.569083
8000,23.8212,1.028147,0.538949,0.086720,8.527629
9000,23.8212,1.028147,0.538949,0.086720,8.536550
10000,23.8212,1.028147,0.538949,0.086720,8.537614
11000,23.8212,1.028147,0.538949,0.086720,8.533359
12000,23.8212,1.028147,0.538949,0.086720,8.514943
13000,23.8212,1.028147,0.538949,0.086720,8.524504
14000,23.8212,1.028147,0.538949,0.086720,8.530328
15000,23.8212,1.028147,0.538949,0.086720,8.521341
16000,23.8212,1.028147,0.538949,0.086720,8.522945
17000,23.8212,1.028147,0.538949,0.086720,8.510080
18000,23.8212,1.028147,0.538949,0.086720,8.523593
19000,23.8212,1.028147,0.538949,0.086720,8.524583
20000,23.8212,1.028147,0.538949,0.086720,8.519028
21000,23.8212,1.028147,0.538949,0.086720,8.518297
