Cycle,Area(mm^2),PeakDynamic(W),SubthresholdLeakage(W),GateLeakage(W),RunTimeDynamic(W)
1000,0.7779,0.306348,0.002724,0.000334,0.183809
2000,0.7779,0.306348,0.002724,0.000334,0.183809
3000,0.7779,0.306348,0.002724,0.000334,0.183809
4000,0.7779,0.306348,0.002724,0.000334,0.183809
5000,0.7779,0.306348,0.002724,0.000334,0.183809
6000,0.7779,0.306348,0.002724,0.000334,0.272140
7000,0.7779,0.306348,0.002724,0.000334,0.276436
8000,0.7779,0.306348,0.002724,0.000334,0.301254
9000,0.7779,0.306348,0.002724,0.000334,0.300503
10000,0.7779,0.306348,0.002724,0.000334,0.277188
11000,0.7779,0.306348,0.002724,0.000334,0.293600
12000,0.7779,0.306348,0.002724,0.000334,0.289045
13000,0.7779,0.306348,0.002724,0.000334,0.273360
14000,0.7779,0.306348,0.002724,0.000334,0.287002
15000,0.7779,0.306348,0.002724,0.000334,0.272961
16000,0.7779,0.306348,0.002724,0.000334,0.272938
17000,0.7779,0.306348,0.002724,0.000334,0.273220
18000,0.7779,0.306348,0.002724,0.000334,0.271553
19000,0.7779,0.306348,0.002724,0.000334,0.275943
20000,0.7779,0.306348,0.002724,0.000334,0.274887
21000,0.7779,0.306348,0.002724,0.000334,0.271459
22000,0.7779,0.306348,0.002724,0.000334,0.280217
23000,0.7779,0.306348,0.002724,0.000334,0.279207
24000,0.7779,0.306348,0.002724,0.000334,0.292614
25000,0.7779,0.306348,0.002724,0.000334,0.307758
26000,0.7779,0.306348,0.002724,0.000334,0.302147
27000,0.7779,0.306348,0.002724,0.000334,0.302358
