Cycle,Area(mm^2),PeakDynamic(W),SubthresholdLeakage(W),GateLeakage(W),RunTimeDynamic(W)
1000,23.8212,1.028147,0.538949,0.086720,9.405760
2000,23.8212,1.028147,0.538949,0.086720,9.124054
3000,23.8212,1.028147,0.538949,0.086720,9.124054
4000,23.8212,1.028147,0.538949,0.086720,9.124054
5000,23.8212,1.028147,0.538949,0.086720,9.124054
6000,23.8212,1.028147,0.538949,0.086720,19.525512
7000,23.8212,1.028147,0.538949,0.086720,24.790282
8000,23.8212,1.028147,0.538949,0.086720,24.074975
9000,23.8212,1.028147,0.538949,0.086720,24.415335
10000,23.8212,1.028147,0.538949,0.086720,25.839882
11000,23.8212,1.028147,0.538949,0.086720,23.801158
12000,23.8212,1.028147,0.538949,0.086720,25.382958
13000,23.8212,1.028147,0.538949,0.086720,25.065801
14000,23.8212,1.028147,0.538949,0.086720,24.673781
15000,23.8212,1.028147,0.538949,0.086720,25.412963
16000,23.8212,1.028147,0.538949,0.086720,24.684746
17000,23.8212,1.028147,0.538949,0.086720,24.597395
18000,23.8212,1.028147,0.538949,0.086720,25.840173
19000,23.8212,1.028147,0.538949,0.086720,23.655143
20000,23.8212,1.028147,0.538949,0.086720,25.852879
21000,23.8212,1.028147,0.538949,0.086720,24.649856
22000,23.8212,1.028147,0.538949,0.086720,23.830762
23000,23.8212,1.028147,0.538949,0.086720,24.927451
24000,23.8212,1.028147,0.538949,0.086720,24.746057
25000,23.8212,1.028147,0.538949,0.086720,23.299491
26000,23.8212,1.028147,0.538949,0.086720,23.823826
27000,23.8212,1.028147,0.538949,0.086720,20.110328
