Cycle,Area(mm^2),PeakDynamic(W),SubthresholdLeakage(W),GateLeakage(W),RunTimeDynamic(W)
1000,23.8212,1.028147,0.538949,0.086720,8.691985
2000,23.8212,1.028147,0.538949,0.086720,8.718529
3000,23.8212,1.028147,0.538949,0.086720,8.718529
4000,23.8212,1.028147,0.538949,0.086720,8.718529
5000,23.8212,1.028147,0.538949,0.086720,8.718529
6000,23.8212,1.028147,0.538949,0.086720,15.252321
7000,23.8212,1.028147,0.538949,0.086720,21.172279
8000,23.8212,1.028147,0.538949,0.086720,23.132034
9000,23.8212,1.028147,0.538949,0.086720,21.690071
10000,23.8212,1.028147,0.538949,0.086720,21.692834
11000,23.8212,1.028147,0.538949,0.086720,23.281947
12000,23.8212,1.028147,0.538949,0.086720,21.837986
13000,23.8212,1.028147,0.538949,0.086720,21.753092
14000,23.8212,1.028147,0.538949,0.086720,22.396910
15000,23.8212,1.028147,0.538949,0.086720,22.803438
16000,23.8212,1.028147,0.538949,0.086720,22.046961
17000,23.8212,1.028147,0.538949,0.086720,19.715307
18000,23.8212,1.028147,0.538949,0.086720,18.402897
19000,23.8212,1.028147,0.538949,0.086720,18.621620
20000,23.8212,1.028147,0.538949,0.086720,19.369097
21000,23.8212,1.028147,0.538949,0.086720,18.830158
22000,23.8212,1.028147,0.538949,0.086720,19.342240
23000,23.8212,1.028147,0.538949,0.086720,19.424380
24000,23.8212,1.028147,0.538949,0.086720,19.695010
25000,23.8212,1.028147,0.538949,0.086720,18.976243
26000,23.8212,1.028147,0.538949,0.086720,18.982040
27000,23.8212,1.028147,0.538949,0.086720,19.663388
28000,23.8212,1.028147,0.538949,0.086720,19.684245
29000,23.8212,1.028147,0.538949,0.086720,18.385677
30000,23.8212,1.028147,0.538949,0.086720,18.224434
31000,23.8212,1.028147,0.538949,0.086720,7.938387
