Cycle,Area(mm^2),PeakDynamic(W),SubthresholdLeakage(W),GateLeakage(W),RunTimeDynamic(W)
1000,0.0324,0.013523,0.002678,0.000431,0.000588
2000,0.0324,0.013523,0.002678,0.000431,0.000000
3000,0.0324,0.013523,0.002678,0.000431,0.000000
4000,0.0324,0.013523,0.002678,0.000431,0.000000
5000,0.0324,0.013523,0.002678,0.000431,0.000000
6000,0.0324,0.013523,0.002678,0.000431,0.876878
7000,0.0324,0.013523,0.002678,0.000431,0.827281
8000,0.0324,0.013523,0.002678,0.000431,0.827281
9000,0.0324,0.013523,0.002678,0.000431,0.910373
10000,0.0324,0.013523,0.002678,0.000431,1.020145
11000,0.0324,0.013523,0.002678,0.000431,0.963026
12000,0.0324,0.013523,0.002678,0.000431,0.962086
13000,0.0324,0.013523,0.002678,0.000431,0.926710
14000,0.0324,0.013523,0.002678,0.000431,0.939050
15000,0.0324,0.013523,0.002678,0.000431,1.031780
16000,0.0324,0.013523,0.002678,0.000431,1.040477
17000,0.0324,0.013523,0.002678,0.000431,1.011918
18000,0.0324,0.013523,0.002678,0.000431,0.955269
19000,0.0324,0.013523,0.002678,0.000431,0.910373
20000,0.0324,0.013523,0.002678,0.000431,1.004161
21000,0.0324,0.013523,0.002678,0.000431,1.035188
22000,0.0324,0.013523,0.002678,0.000431,1.026844
23000,0.0324,0.013523,0.002678,0.000431,1.041417
24000,0.0324,0.013523,0.002678,0.000431,0.936817
25000,0.0324,0.013523,0.002678,0.000431,0.977952
26000,0.0324,0.013523,0.002678,0.000431,0.959970
27000,0.0324,0.013523,0.002678,0.000431,1.031075
28000,0.0324,0.013523,0.002678,0.000431,1.005571
29000,0.0324,0.013523,0.002678,0.000431,1.000870
30000,0.0324,0.013523,0.002678,0.000431,0.935642
31000,0.0324,0.013523,0.002678,0.000431,1.028959
32000,0.0324,0.013523,0.002678,0.000431,0.987354
33000,0.0324,0.013523,0.002678,0.000431,1.061632
34000,0.0324,0.013523,0.002678,0.000431,1.045178
35000,0.0324,0.013523,0.002678,0.000431,1.051172
36000,0.0324,0.013523,0.002678,0.000431,1.021555
37000,0.0324,0.013523,0.002678,0.000431,1.046001
38000,0.0324,0.013523,0.002678,0.000431,1.028724
39000,0.0324,0.013523,0.002678,0.000431,1.004983
40000,0.0324,0.013523,0.002678,0.000431,0.996992
41000,0.0324,0.013523,0.002678,0.000431,0.201443
