Cycle,Area(mm^2),PeakDynamic(W),SubthresholdLeakage(W),GateLeakage(W),RunTimeDynamic(W)
1000,15.7031,5.502199,0.052647,0.006391,0.553633
2000,15.7031,5.502199,0.052647,0.006391,0.550220
3000,15.7031,5.502199,0.052647,0.006391,0.550220
4000,15.7031,5.502199,0.052647,0.006391,0.550220
5000,15.7031,5.502199,0.052647,0.006391,0.550220
6000,15.7031,5.502199,0.052647,0.006391,9.892015
7000,15.7031,5.502199,0.052647,0.006391,6.880373
8000,15.7031,5.502199,0.052647,0.006391,11.411705
9000,15.7031,5.502199,0.052647,0.006391,13.108789
10000,15.7031,5.502199,0.052647,0.006391,12.408928
11000,15.7031,5.502199,0.052647,0.006391,9.886645
12000,15.7031,5.502199,0.052647,0.006391,10.688615
13000,15.7031,5.502199,0.052647,0.006391,11.633588
14000,15.7031,5.502199,0.052647,0.006391,12.969353
15000,15.7031,5.502199,0.052647,0.006391,13.081329
16000,15.7031,5.502199,0.052647,0.006391,11.976314
17000,15.7031,5.502199,0.052647,0.006391,11.358051
18000,15.7031,5.502199,0.052647,0.006391,11.691872
19000,15.7031,5.502199,0.052647,0.006391,12.002977
20000,15.7031,5.502199,0.052647,0.006391,13.097309
21000,15.7031,5.502199,0.052647,0.006391,13.122313
22000,15.7031,5.502199,0.052647,0.006391,12.501076
23000,15.7031,5.502199,0.052647,0.006391,12.026387
24000,15.7031,5.502199,0.052647,0.006391,11.141251
25000,15.7031,5.502199,0.052647,0.006391,13.260561
26000,15.7031,5.502199,0.052647,0.006391,12.845877
27000,15.7031,5.502199,0.052647,0.006391,13.883742
28000,15.7031,5.502199,0.052647,0.006391,12.882548
29000,15.7031,5.502199,0.052647,0.006391,12.651056
30000,15.7031,5.502199,0.052647,0.006391,11.843136
31000,15.7031,5.502199,0.052647,0.006391,13.269714
32000,15.7031,5.502199,0.052647,0.006391,13.250800
33000,15.7031,5.502199,0.052647,0.006391,13.574763
34000,15.7031,5.502199,0.052647,0.006391,13.628922
35000,15.7031,5.502199,0.052647,0.006391,13.294918
36000,15.7031,5.502199,0.052647,0.006391,13.185244
37000,15.7031,5.502199,0.052647,0.006391,13.146946
38000,15.7031,5.502199,0.052647,0.006391,11.634153
39000,15.7031,5.502199,0.052647,0.006391,13.094318
40000,15.7031,5.502199,0.052647,0.006391,13.235153
41000,15.7031,5.502199,0.052647,0.006391,3.752145
