Cycle,Area(mm^2),PeakDynamic(W),SubthresholdLeakage(W),GateLeakage(W),RunTimeDynamic(W)
1000,0.0324,0.013523,0.002678,0.000431,0.003761
2000,0.0324,0.013523,0.002678,0.000431,0.000000
3000,0.0324,0.013523,0.002678,0.000431,0.000000
4000,0.0324,0.013523,0.002678,0.000431,0.000000
5000,0.0324,0.013523,0.002678,0.000431,0.000000
6000,0.0324,0.013523,0.002678,0.000431,0.572245
7000,0.0324,0.013523,0.002678,0.000431,0.446255
8000,0.0324,0.013523,0.002678,0.000431,0.143854
9000,0.0324,0.013523,0.002678,0.000431,0.136098
10000,0.0324,0.013523,0.002678,0.000431,0.128341
11000,0.0324,0.013523,0.002678,0.000431,0.181816
12000,0.0324,0.013523,0.002678,0.000431,0.143032
13000,0.0324,0.013523,0.002678,0.000431,0.146205
14000,0.0324,0.013523,0.002678,0.000431,0.180758
15000,0.0324,0.013523,0.002678,0.000431,0.142914
16000,0.0324,0.013523,0.002678,0.000431,0.157253
17000,0.0324,0.013523,0.002678,0.000431,0.169006
18000,0.0324,0.013523,0.002678,0.000431,0.094845
19000,0.0324,0.013523,0.002678,0.000431,0.109066
20000,0.0324,0.013523,0.002678,0.000431,0.131867
21000,0.0324,0.013523,0.002678,0.000431,0.123640
22000,0.0324,0.013523,0.002678,0.000431,0.157370
23000,0.0324,0.013523,0.002678,0.000431,0.185577
24000,0.0324,0.013523,0.002678,0.000431,0.117293
25000,0.0324,0.013523,0.002678,0.000431,0.054886
26000,0.0324,0.013523,0.002678,0.000431,0.057236
27000,0.0324,0.013523,0.002678,0.000431,0.021508
28000,0.0324,0.013523,0.002678,0.000431,0.068519
29000,0.0324,0.013523,0.002678,0.000431,0.047364
30000,0.0324,0.013523,0.002678,0.000431,0.008345
31000,0.0324,0.013523,0.002678,0.000431,0.001645
32000,0.0324,0.013523,0.002678,0.000431,0.012340
33000,0.0324,0.013523,0.002678,0.000431,0.012105
34000,0.0324,0.013523,0.002678,0.000431,0.000705
35000,0.0324,0.013523,0.002678,0.000431,0.000705
36000,0.0324,0.013523,0.002678,0.000431,0.000705
37000,0.0324,0.013523,0.002678,0.000431,0.000705
38000,0.0324,0.013523,0.002678,0.000431,0.000705
39000,0.0324,0.013523,0.002678,0.000431,0.000705
40000,0.0324,0.013523,0.002678,0.000431,0.000705
41000,0.0324,0.013523,0.002678,0.000431,0.000823
42000,0.0324,0.013523,0.002678,0.000431,0.000705
43000,0.0324,0.013523,0.002678,0.000431,0.019040
