Cycle,Area(mm^2),PeakDynamic(W),SubthresholdLeakage(W),GateLeakage(W),RunTimeDynamic(W)
1000,23.8212,1.028147,0.538949,0.086720,8.668639
2000,23.8212,1.028147,0.538949,0.086720,8.483750
3000,23.8212,1.028147,0.538949,0.086720,8.483750
4000,23.8212,1.028147,0.538949,0.086720,8.483750
5000,23.8212,1.028147,0.538949,0.086720,8.483750
6000,23.8212,1.028147,0.538949,0.086720,8.435267
7000,23.8212,1.028147,0.538949,0.086720,5.437764
