Cycle,Area(mm^2),PeakDynamic(W),SubthresholdLeakage(W),GateLeakage(W),RunTimeDynamic(W)
1000,23.8212,1.028147,0.538949,0.086720,8.837450
2000,23.8212,1.028147,0.538949,0.086720,8.889278
3000,23.8212,1.028147,0.538949,0.086720,8.889278
4000,23.8212,1.028147,0.538949,0.086720,8.889278
5000,23.8212,1.028147,0.538949,0.086720,8.889278
6000,23.8212,1.028147,0.538949,0.086720,15.233432
7000,23.8212,1.028147,0.538949,0.086720,20.265484
8000,23.8212,1.028147,0.538949,0.086720,23.232267
9000,23.8212,1.028147,0.538949,0.086720,22.036033
10000,23.8212,1.028147,0.538949,0.086720,21.311951
11000,23.8212,1.028147,0.538949,0.086720,21.906267
12000,23.8212,1.028147,0.538949,0.086720,22.510555
13000,23.8212,1.028147,0.538949,0.086720,21.966124
14000,23.8212,1.028147,0.538949,0.086720,22.352718
15000,23.8212,1.028147,0.538949,0.086720,22.163713
16000,23.8212,1.028147,0.538949,0.086720,22.419498
17000,23.8212,1.028147,0.538949,0.086720,20.540834
18000,23.8212,1.028147,0.538949,0.086720,18.191832
19000,23.8212,1.028147,0.538949,0.086720,18.883631
20000,23.8212,1.028147,0.538949,0.086720,19.414538
21000,23.8212,1.028147,0.538949,0.086720,19.713875
22000,23.8212,1.028147,0.538949,0.086720,19.250587
23000,23.8212,1.028147,0.538949,0.086720,19.526700
24000,23.8212,1.028147,0.538949,0.086720,19.574251
25000,23.8212,1.028147,0.538949,0.086720,19.158637
26000,23.8212,1.028147,0.538949,0.086720,18.425730
27000,23.8212,1.028147,0.538949,0.086720,19.027563
28000,23.8212,1.028147,0.538949,0.086720,19.474518
29000,23.8212,1.028147,0.538949,0.086720,19.111374
30000,23.8212,1.028147,0.538949,0.086720,18.649975
31000,23.8212,1.028147,0.538949,0.086720,7.933035
