Cycle,Area(mm^2),PeakDynamic(W),SubthresholdLeakage(W),GateLeakage(W),RunTimeDynamic(W)
1000000,1.0570,0.187474,0.005507,0.000525,0.000382
1001000,1.0570,0.187474,0.005507,0.000525,0.000382
1002000,1.0570,0.187474,0.005507,0.000525,0.000476
1003000,1.0570,0.187474,0.005507,0.000525,0.000469
1004000,1.0570,0.187474,0.005507,0.000525,0.000388
1005000,1.0570,0.187474,0.005507,0.000525,0.000469
1006000,1.0570,0.187474,0.005507,0.000525,0.000388
1007000,1.0570,0.187474,0.005507,0.000525,0.000563
1008000,1.0570,0.187474,0.005507,0.000525,0.000476
1009000,1.0570,0.187474,0.005507,0.000525,0.000382
1010000,1.0570,0.187474,0.005507,0.000525,0.000382
1011000,1.0570,0.187474,0.005507,0.000525,0.000476
1012000,1.0570,0.187474,0.005507,0.000525,0.000382
1013000,1.0570,0.187474,0.005507,0.000525,0.000382
1014000,1.0570,0.187474,0.005507,0.000525,0.000382
1015000,1.0570,0.187474,0.005507,0.000525,0.000476
1016000,1.0570,0.187474,0.005507,0.000525,0.000382
1017000,1.0570,0.187474,0.005507,0.000525,0.000476
1018000,1.0570,0.187474,0.005507,0.000525,0.000288
1019000,1.0570,0.187474,0.005507,0.000525,0.000476
1020000,1.0570,0.187474,0.005507,0.000525,0.000288
1021000,1.0570,0.187474,0.005507,0.000525,0.000476
1022000,1.0570,0.187474,0.005507,0.000525,0.000382
1023000,1.0570,0.187474,0.005507,0.000525,0.000382
1024000,1.0570,0.187474,0.005507,0.000525,0.000476
1025000,1.0570,0.187474,0.005507,0.000525,0.000569
1026000,1.0570,0.187474,0.005507,0.000525,0.000288
1027000,1.0570,0.187474,0.005507,0.000525,0.000569
1028000,1.0570,0.187474,0.005507,0.000525,0.000469
1029000,1.0570,0.187474,0.005507,0.000525,0.000294
1030000,1.0570,0.187474,0.005507,0.000525,0.000469
1031000,1.0570,0.187474,0.005507,0.000525,0.000388
1032000,1.0570,0.187474,0.005507,0.000525,0.000469
1033000,1.0570,0.187474,0.005507,0.000525,0.000288
1034000,1.0570,0.187474,0.005507,0.000525,0.000282
1035000,1.0570,0.187474,0.005507,0.000525,0.000194
1036000,1.0570,0.187474,0.005507,0.000525,0.000188
1037000,1.0570,0.187474,0.005507,0.000525,0.000194
