Cycle,Area(mm^2),PeakDynamic(W),SubthresholdLeakage(W),GateLeakage(W),RunTimeDynamic(W)
1000000,23.8212,1.028147,0.538949,0.086720,8.563399
1001000,23.8212,1.028147,0.538949,0.086720,8.569991
1002000,23.8212,1.028147,0.538949,0.086720,8.551633
1003000,23.8212,1.028147,0.538949,0.086720,8.561304
1004000,23.8212,1.028147,0.538949,0.086720,8.552844
1005000,23.8212,1.028147,0.538949,0.086720,8.568657
1006000,23.8212,1.028147,0.538949,0.086720,8.546522
1007000,23.8212,1.028147,0.538949,0.086720,8.569556
1008000,23.8212,1.028147,0.538949,0.086720,8.552450
1009000,23.8212,1.028147,0.538949,0.086720,8.570963
1010000,23.8212,1.028147,0.538949,0.086720,8.558234
1011000,23.8212,1.028147,0.538949,0.086720,8.562470
1012000,23.8212,1.028147,0.538949,0.086720,8.557729
1013000,23.8212,1.028147,0.538949,0.086720,8.575209
1014000,23.8212,1.028147,0.538949,0.086720,8.560405
1015000,23.8212,1.028147,0.538949,0.086720,8.554286
1016000,23.8212,1.028147,0.538949,0.086720,8.568275
1017000,23.8212,1.028147,0.538949,0.086720,8.553853
1018000,23.8212,1.028147,0.538949,0.086720,8.565066
1019000,23.8212,1.028147,0.538949,0.086720,8.567873
1020000,23.8212,1.028147,0.538949,0.086720,8.563276
1021000,23.8212,1.028147,0.538949,0.086720,8.569662
1022000,23.8212,1.028147,0.538949,0.086720,8.560961
1023000,23.8212,1.028147,0.538949,0.086720,8.557853
1024000,23.8212,1.028147,0.538949,0.086720,8.558751
1025000,23.8212,1.028147,0.538949,0.086720,8.550264
1026000,23.8212,1.028147,0.538949,0.086720,8.570462
1027000,23.8212,1.028147,0.538949,0.086720,8.552076
1028000,23.8212,1.028147,0.538949,0.086720,8.562051
1029000,23.8212,1.028147,0.538949,0.086720,8.560023
1030000,23.8212,1.028147,0.538949,0.086720,8.576528
1031000,23.8212,1.028147,0.538949,0.086720,8.547823
1032000,23.8212,1.028147,0.538949,0.086720,8.563255
1033000,23.8212,1.028147,0.538949,0.086720,8.816451
1034000,23.8212,1.028147,0.538949,0.086720,8.844372
1035000,23.8212,1.028147,0.538949,0.086720,8.836631
1036000,23.8212,1.028147,0.538949,0.086720,8.849322
1037000,23.8212,1.028147,0.538949,0.086720,8.839416
