Cycle,Area(mm^2),PeakDynamic(W),SubthresholdLeakage(W),GateLeakage(W),RunTimeDynamic(W)
1000,0.7779,0.306348,0.002724,0.000334,0.183809
2000,0.7779,0.306348,0.002724,0.000334,0.183809
3000,0.7779,0.306348,0.002724,0.000334,0.183809
4000,0.7779,0.306348,0.002724,0.000334,0.183809
5000,0.7779,0.306348,0.002724,0.000334,0.183809
6000,0.7779,0.306348,0.002724,0.000334,0.189843
7000,0.7779,0.306348,0.002724,0.000334,0.249826
8000,0.7779,0.306348,0.002724,0.000334,0.194116
9000,0.7779,0.306348,0.002724,0.000334,0.188444
10000,0.7779,0.306348,0.002724,0.000334,0.188481
11000,0.7779,0.306348,0.002724,0.000334,0.189590
12000,0.7779,0.306348,0.002724,0.000334,0.187500
13000,0.7779,0.306348,0.002724,0.000334,0.186767
14000,0.7779,0.306348,0.002724,0.000334,0.186110
15000,0.7779,0.306348,0.002724,0.000334,0.186016
16000,0.7779,0.306348,0.002724,0.000334,0.185898
17000,0.7779,0.306348,0.002724,0.000334,0.185288
18000,0.7779,0.306348,0.002724,0.000334,0.185288
19000,0.7779,0.306348,0.002724,0.000334,0.185105
20000,0.7779,0.306348,0.002724,0.000334,0.184748
21000,0.7779,0.306348,0.002724,0.000334,0.184936
22000,0.7779,0.306348,0.002724,0.000334,0.184560
23000,0.7779,0.306348,0.002724,0.000334,0.184724
24000,0.7779,0.306348,0.002724,0.000334,0.184724
25000,0.7779,0.306348,0.002724,0.000334,0.184560
26000,0.7779,0.306348,0.002724,0.000334,0.184771
27000,0.7779,0.306348,0.002724,0.000334,0.184560
28000,0.7779,0.306348,0.002724,0.000334,0.184302
29000,0.7779,0.306348,0.002724,0.000334,0.184349
30000,0.7779,0.306348,0.002724,0.000334,0.184490
31000,0.7779,0.306348,0.002724,0.000334,0.184255
32000,0.7779,0.306348,0.002724,0.000334,0.184231
33000,0.7779,0.306348,0.002724,0.000334,0.184330
34000,0.7779,0.306348,0.002724,0.000334,0.184020
35000,0.7779,0.306348,0.002724,0.000334,0.184044
36000,0.7779,0.306348,0.002724,0.000334,0.184137
37000,0.7779,0.306348,0.002724,0.000334,0.184020
38000,0.7779,0.306348,0.002724,0.000334,0.183950
39000,0.7779,0.306348,0.002724,0.000334,0.184090
40000,0.7779,0.306348,0.002724,0.000334,0.183950
