Cycle,Area(mm^2),PeakDynamic(W),SubthresholdLeakage(W),GateLeakage(W),RunTimeDynamic(W)
1000,0.0324,0.013523,0.002678,0.000431,0.000235
2000,0.0324,0.013523,0.002678,0.000431,0.000000
3000,0.0324,0.013523,0.002678,0.000431,0.000000
4000,0.0324,0.013523,0.002678,0.000431,0.000000
5000,0.0324,0.013523,0.002678,0.000431,0.000000
6000,0.0324,0.013523,0.002678,0.000431,0.576946
7000,0.0324,0.013523,0.002678,0.000431,0.866183
8000,0.0324,0.013523,0.002678,0.000431,0.481983
9000,0.0324,0.013523,0.002678,0.000431,0.230120
10000,0.0324,0.013523,0.002678,0.000431,0.206379
11000,0.0324,0.013523,0.002678,0.000431,0.210611
12000,0.0324,0.013523,0.002678,0.000431,0.167948
13000,0.0324,0.013523,0.002678,0.000431,0.141974
14000,0.0324,0.013523,0.002678,0.000431,0.116823
15000,0.0324,0.013523,0.002678,0.000431,0.094728
16000,0.0324,0.013523,0.002678,0.000431,0.084738
17000,0.0324,0.013523,0.002678,0.000431,0.071457
18000,0.0324,0.013523,0.002678,0.000431,0.062995
19000,0.0324,0.013523,0.002678,0.000431,0.050890
20000,0.0324,0.013523,0.002678,0.000431,0.040782
21000,0.0324,0.013523,0.002678,0.000431,0.032203
22000,0.0324,0.013523,0.002678,0.000431,0.028207
23000,0.0324,0.013523,0.002678,0.000431,0.024446
24000,0.0324,0.013523,0.002678,0.000431,0.018805
25000,0.0324,0.013523,0.002678,0.000431,0.018452
26000,0.0324,0.013523,0.002678,0.000431,0.018452
27000,0.0324,0.013523,0.002678,0.000431,0.015396
28000,0.0324,0.013523,0.002678,0.000431,0.012811
29000,0.0324,0.013523,0.002678,0.000431,0.012928
30000,0.0324,0.013523,0.002678,0.000431,0.011518
31000,0.0324,0.013523,0.002678,0.000431,0.009167
32000,0.0324,0.013523,0.002678,0.000431,0.007522
33000,0.0324,0.013523,0.002678,0.000431,0.006817
34000,0.0324,0.013523,0.002678,0.000431,0.004819
35000,0.0324,0.013523,0.002678,0.000431,0.003291
36000,0.0324,0.013523,0.002678,0.000431,0.003526
37000,0.0324,0.013523,0.002678,0.000431,0.002233
38000,0.0324,0.013523,0.002678,0.000431,0.001880
39000,0.0324,0.013523,0.002678,0.000431,0.002586
40000,0.0324,0.013523,0.002678,0.000431,0.000940
