Cycle,Area(mm^2),PeakDynamic(W),SubthresholdLeakage(W),GateLeakage(W),RunTimeDynamic(W)
1000,8.6440,0.261844,0.058609,0.079322,0.148780
2000,8.6440,0.261844,0.058609,0.079322,0.135176
3000,8.6440,0.261844,0.058609,0.079322,0.135176
4000,8.6440,0.261844,0.058609,0.079322,0.135176
5000,8.6440,0.261844,0.058609,0.079322,0.135176
