Cycle,Area(mm^2),PeakDynamic(W),SubthresholdLeakage(W),GateLeakage(W),RunTimeDynamic(W)
1000,1.3415,0.039994,0.023482,0.002970,1.376076
2000,1.3415,0.039994,0.023482,0.002970,0.853739
3000,1.3415,0.039994,0.023482,0.002970,0.853739
4000,1.3415,0.039994,0.023482,0.002970,0.853739
5000,1.3415,0.039994,0.023482,0.002970,0.853739
6000,1.3415,0.039994,0.023482,0.002970,0.567383
7000,1.3415,0.039994,0.023482,0.002970,0.497634
8000,1.3415,0.039994,0.023482,0.002970,0.511788
