Cycle,Area(mm^2),PeakDynamic(W),SubthresholdLeakage(W),GateLeakage(W),RunTimeDynamic(W)
1000,1.3415,0.039994,0.023482,0.002970,0.331057
2000,1.3415,0.039994,0.023482,0.002970,0.184974
3000,1.3415,0.039994,0.023482,0.002970,0.184974
4000,1.3415,0.039994,0.023482,0.002970,0.184974
5000,1.3415,0.039994,0.023482,0.002970,0.184974
6000,1.3415,0.039994,0.023482,0.002970,0.181537
7000,1.3415,0.039994,0.023482,0.002970,0.179765
8000,1.3415,0.039994,0.023482,0.002970,0.179259
9000,1.3415,0.039994,0.023482,0.002970,0.179569
10000,1.3415,0.039994,0.023482,0.002970,0.180615
11000,1.3415,0.039994,0.023482,0.002970,0.178634
12000,1.3415,0.039994,0.023482,0.002970,0.178720
13000,1.3415,0.039994,0.023482,0.002970,0.179029
14000,1.3415,0.039994,0.023482,0.002970,0.179081
15000,1.3415,0.039994,0.023482,0.002970,0.179060
16000,1.3415,0.039994,0.023482,0.002970,0.178939
17000,1.3415,0.039994,0.023482,0.002970,0.178939
18000,1.3415,0.039994,0.023482,0.002970,0.178727
19000,1.3415,0.039994,0.023482,0.002970,0.179487
20000,1.3415,0.039994,0.023482,0.002970,0.179106
21000,1.3415,0.039994,0.023482,0.002970,0.179532
22000,1.3415,0.039994,0.023482,0.002970,0.179403
23000,1.3415,0.039994,0.023482,0.002970,0.179272
24000,1.3415,0.039994,0.023482,0.002970,0.179539
25000,1.3415,0.039994,0.023482,0.002970,0.179174
26000,1.3415,0.039994,0.023482,0.002970,0.179879
27000,1.3415,0.039994,0.023482,0.002970,0.179516
28000,1.3415,0.039994,0.023482,0.002970,0.179081
29000,1.3415,0.039994,0.023482,0.002970,0.178347
30000,1.3415,0.039994,0.023482,0.002970,0.178552
31000,1.3415,0.039994,0.023482,0.002970,0.178917
32000,1.3415,0.039994,0.023482,0.002970,0.178513
33000,1.3415,0.039994,0.023482,0.002970,0.178150
34000,1.3415,0.039994,0.023482,0.002970,0.178271
35000,1.3415,0.039994,0.023482,0.002970,0.178294
36000,1.3415,0.039994,0.023482,0.002970,0.178233
