Cycle,Area(mm^2),PeakDynamic(W),SubthresholdLeakage(W),GateLeakage(W),RunTimeDynamic(W)
1000,0.2191,0.065854,0.000377,0.000034,0.040106
2000,0.2191,0.065854,0.000377,0.000034,0.039512
3000,0.2191,0.065854,0.000377,0.000034,0.039512
4000,0.2191,0.065854,0.000377,0.000034,0.039512
5000,0.2191,0.065854,0.000377,0.000034,0.039512
6000,0.2191,0.065854,0.000377,0.000034,0.056596
7000,0.2191,0.065854,0.000377,0.000034,0.069924
8000,0.2191,0.065854,0.000377,0.000034,0.061278
9000,0.2191,0.065854,0.000377,0.000034,0.054202
10000,0.2191,0.065854,0.000377,0.000034,0.059514
11000,0.2191,0.065854,0.000377,0.000034,0.071304
12000,0.2191,0.065854,0.000377,0.000034,0.070597
13000,0.2191,0.065854,0.000377,0.000034,0.060783
14000,0.2191,0.065854,0.000377,0.000034,0.065875
15000,0.2191,0.065854,0.000377,0.000034,0.057250
16000,0.2191,0.065854,0.000377,0.000034,0.060488
17000,0.2191,0.065854,0.000377,0.000034,0.058847
18000,0.2191,0.065854,0.000377,0.000034,0.059269
19000,0.2191,0.065854,0.000377,0.000034,0.057294
20000,0.2191,0.065854,0.000377,0.000034,0.050889
21000,0.2191,0.065854,0.000377,0.000034,0.054099
22000,0.2191,0.065854,0.000377,0.000034,0.055094
23000,0.2191,0.065854,0.000377,0.000034,0.048467
24000,0.2191,0.065854,0.000377,0.000034,0.049716
25000,0.2191,0.065854,0.000377,0.000034,0.046950
26000,0.2191,0.065854,0.000377,0.000034,0.048640
27000,0.2191,0.065854,0.000377,0.000034,0.045839
28000,0.2191,0.065854,0.000377,0.000034,0.044628
29000,0.2191,0.065854,0.000377,0.000034,0.040949
30000,0.2191,0.065854,0.000377,0.000034,0.041371
31000,0.2191,0.065854,0.000377,0.000034,0.041632
32000,0.2191,0.065854,0.000377,0.000034,0.040465
33000,0.2191,0.065854,0.000377,0.000034,0.040114
34000,0.2191,0.065854,0.000377,0.000034,0.040330
35000,0.2191,0.065854,0.000377,0.000034,0.040400
36000,0.2191,0.065854,0.000377,0.000034,0.040121
