Cycle,Area(mm^2),PeakDynamic(W),SubthresholdLeakage(W),GateLeakage(W),RunTimeDynamic(W)
1000,23.8212,1.028147,0.538949,0.086720,7.036818
2000,23.8212,1.028147,0.538949,0.086720,8.505093
3000,23.8212,1.028147,0.538949,0.086720,8.505093
4000,23.8212,1.028147,0.538949,0.086720,8.505093
5000,23.8212,1.028147,0.538949,0.086720,8.505093
6000,23.8212,1.028147,0.538949,0.086720,18.527131
7000,23.8212,1.028147,0.538949,0.086720,16.891372
8000,23.8212,1.028147,0.538949,0.086720,18.375711
9000,23.8212,1.028147,0.538949,0.086720,11.670911
10000,23.8212,1.028147,0.538949,0.086720,15.595641
11000,23.8212,1.028147,0.538949,0.086720,17.583784
12000,23.8212,1.028147,0.538949,0.086720,18.119218
13000,23.8212,1.028147,0.538949,0.086720,18.202533
14000,23.8212,1.028147,0.538949,0.086720,14.222157
15000,23.8212,1.028147,0.538949,0.086720,14.816739
16000,23.8212,1.028147,0.538949,0.086720,15.536127
17000,23.8212,1.028147,0.538949,0.086720,17.926880
18000,23.8212,1.028147,0.538949,0.086720,17.597753
19000,23.8212,1.028147,0.538949,0.086720,17.365704
20000,23.8212,1.028147,0.538949,0.086720,13.385524
21000,23.8212,1.028147,0.538949,0.086720,15.788184
22000,23.8212,1.028147,0.538949,0.086720,16.838316
23000,23.8212,1.028147,0.538949,0.086720,17.905252
24000,23.8212,1.028147,0.538949,0.086720,18.731666
25000,23.8212,1.028147,0.538949,0.086720,19.044351
26000,23.8212,1.028147,0.538949,0.086720,16.892193
27000,23.8212,1.028147,0.538949,0.086720,17.542763
28000,23.8212,1.028147,0.538949,0.086720,17.259434
29000,23.8212,1.028147,0.538949,0.086720,16.876772
30000,23.8212,1.028147,0.538949,0.086720,17.537819
31000,23.8212,1.028147,0.538949,0.086720,18.283920
32000,23.8212,1.028147,0.538949,0.086720,18.577097
33000,23.8212,1.028147,0.538949,0.086720,18.365214
34000,23.8212,1.028147,0.538949,0.086720,18.553977
35000,23.8212,1.028147,0.538949,0.086720,18.621614
36000,23.8212,1.028147,0.538949,0.086720,17.203601
37000,23.8212,1.028147,0.538949,0.086720,16.986955
38000,23.8212,1.028147,0.538949,0.086720,16.898230
39000,23.8212,1.028147,0.538949,0.086720,17.289136
40000,23.8212,1.028147,0.538949,0.086720,12.130954
