Cycle,Area(mm^2),PeakDynamic(W),SubthresholdLeakage(W),GateLeakage(W),RunTimeDynamic(W)
1000,23.8212,1.028147,0.538949,0.086720,8.860375
2000,23.8212,1.028147,0.538949,0.086720,8.803902
3000,23.8212,1.028147,0.538949,0.086720,8.803902
4000,23.8212,1.028147,0.538949,0.086720,8.803902
5000,23.8212,1.028147,0.538949,0.086720,8.803902
6000,23.8212,1.028147,0.538949,0.086720,15.326628
7000,23.8212,1.028147,0.538949,0.086720,20.929861
8000,23.8212,1.028147,0.538949,0.086720,22.633606
9000,23.8212,1.028147,0.538949,0.086720,22.006872
10000,23.8212,1.028147,0.538949,0.086720,21.640593
11000,23.8212,1.028147,0.538949,0.086720,21.770628
12000,23.8212,1.028147,0.538949,0.086720,22.584781
13000,23.8212,1.028147,0.538949,0.086720,21.304097
14000,23.8212,1.028147,0.538949,0.086720,23.059072
15000,23.8212,1.028147,0.538949,0.086720,21.653782
16000,23.8212,1.028147,0.538949,0.086720,22.270856
17000,23.8212,1.028147,0.538949,0.086720,19.896904
18000,23.8212,1.028147,0.538949,0.086720,18.738511
19000,23.8212,1.028147,0.538949,0.086720,19.481820
20000,23.8212,1.028147,0.538949,0.086720,19.555489
21000,23.8212,1.028147,0.538949,0.086720,19.563173
22000,23.8212,1.028147,0.538949,0.086720,18.607288
23000,23.8212,1.028147,0.538949,0.086720,19.832358
24000,23.8212,1.028147,0.538949,0.086720,19.298470
25000,23.8212,1.028147,0.538949,0.086720,18.444539
26000,23.8212,1.028147,0.538949,0.086720,19.054031
27000,23.8212,1.028147,0.538949,0.086720,19.727069
28000,23.8212,1.028147,0.538949,0.086720,19.703363
29000,23.8212,1.028147,0.538949,0.086720,18.715814
30000,23.8212,1.028147,0.538949,0.086720,18.722083
31000,23.8212,1.028147,0.538949,0.086720,8.037705
