Cycle,Area(mm^2),PeakDynamic(W),SubthresholdLeakage(W),GateLeakage(W),RunTimeDynamic(W)
1000,8.6440,0.261844,0.058609,0.079322,0.333468
2000,8.6440,0.261844,0.058609,0.079322,0.220548
3000,8.6440,0.261844,0.058609,0.079322,0.220548
4000,8.6440,0.261844,0.058609,0.079322,0.220548
5000,8.6440,0.261844,0.058609,0.079322,0.220548
6000,8.6440,0.261844,0.058609,0.079322,2.380678
