Cycle,Area(mm^2),PeakDynamic(W),SubthresholdLeakage(W),GateLeakage(W),RunTimeDynamic(W)
1000,23.8212,1.028147,0.538949,0.086720,9.342794
2000,23.8212,1.028147,0.538949,0.086720,9.145394
3000,23.8212,1.028147,0.538949,0.086720,9.145394
4000,23.8212,1.028147,0.538949,0.086720,9.145394
5000,23.8212,1.028147,0.538949,0.086720,9.145394
6000,23.8212,1.028147,0.538949,0.086720,20.674899
