Cycle,Area(mm^2),PeakPower(W),TotalLeakage(W),PeakDynamic(W),SubthresholdLeakage(W),GateLeakage(W),RunTimeDynamic(W)
1000,40.6137,7.425191,0.693847,6.731343,0.599781,0.094066,9.897532
2000,40.6137,7.425191,0.693847,6.731343,0.599781,0.094066,9.695614
3000,40.6137,7.425191,0.693847,6.731343,0.599781,0.094066,9.695614
4000,40.6137,7.425191,0.693847,6.731343,0.599781,0.094066,9.695614
5000,40.6137,7.425191,0.693847,6.731343,0.599781,0.094066,9.695614
6000,40.6137,7.425191,0.693847,6.731343,0.599781,0.094066,27.232192
