Cycle,Area(mm^2),PeakDynamic(W),SubthresholdLeakage(W),GateLeakage(W),RunTimeDynamic(W)
1000,0.0324,0.013523,0.002678,0.000431,0.150789
2000,0.0324,0.013523,0.002678,0.000431,0.000000
3000,0.0324,0.013523,0.002678,0.000431,0.000000
4000,0.0324,0.013523,0.002678,0.000431,0.000000
5000,0.0324,0.013523,0.002678,0.000431,0.000000
6000,0.0324,0.013523,0.002678,0.000431,0.303693
7000,0.0324,0.013523,0.002678,0.000431,0.262323
8000,0.0324,0.013523,0.002678,0.000431,0.374092
9000,0.0324,0.013523,0.002678,0.000431,0.395952
10000,0.0324,0.013523,0.002678,0.000431,0.414874
11000,0.0324,0.013523,0.002678,0.000431,0.348941
12000,0.0324,0.013523,0.002678,0.000431,0.343182
13000,0.0324,0.013523,0.002678,0.000431,0.339656
14000,0.0324,0.013523,0.002678,0.000431,0.339539
15000,0.0324,0.013523,0.002678,0.000431,0.368803
16000,0.0324,0.013523,0.002678,0.000431,0.383024
17000,0.0324,0.013523,0.002678,0.000431,0.362809
18000,0.0324,0.013523,0.002678,0.000431,0.366805
19000,0.0324,0.013523,0.002678,0.000431,0.355875
20000,0.0324,0.013523,0.002678,0.000431,0.375503
21000,0.0324,0.013523,0.002678,0.000431,0.359871
22000,0.0324,0.013523,0.002678,0.000431,0.357638
23000,0.0324,0.013523,0.002678,0.000431,0.342242
24000,0.0324,0.013523,0.002678,0.000431,0.370919
25000,0.0324,0.013523,0.002678,0.000431,0.407705
26000,0.0324,0.013523,0.002678,0.000431,0.412524
27000,0.0324,0.013523,0.002678,0.000431,0.413582
28000,0.0324,0.013523,0.002678,0.000431,0.419105
29000,0.0324,0.013523,0.002678,0.000431,0.402416
30000,0.0324,0.013523,0.002678,0.000431,0.404179
31000,0.0324,0.013523,0.002678,0.000431,0.405942
32000,0.0324,0.013523,0.002678,0.000431,0.418635
33000,0.0324,0.013523,0.002678,0.000431,0.408645
34000,0.0324,0.013523,0.002678,0.000431,0.405002
35000,0.0324,0.013523,0.002678,0.000431,0.411231
36000,0.0324,0.013523,0.002678,0.000431,0.400419
37000,0.0324,0.013523,0.002678,0.000431,0.391369
38000,0.0324,0.013523,0.002678,0.000431,0.399243
39000,0.0324,0.013523,0.002678,0.000431,0.410173
40000,0.0324,0.013523,0.002678,0.000431,0.409821
41000,0.0324,0.013523,0.002678,0.000431,0.393837
42000,0.0324,0.013523,0.002678,0.000431,0.187810
43000,0.0324,0.013523,0.002678,0.000431,0.011400
44000,0.0324,0.013523,0.002678,0.000431,0.009872
45000,0.0324,0.013523,0.002678,0.000431,0.008109
46000,0.0324,0.013523,0.002678,0.000431,0.004584
47000,0.0324,0.013523,0.002678,0.000431,0.002703
48000,0.0324,0.013523,0.002678,0.000431,0.002351
