Cycle,Area(mm^2),PeakDynamic(W),SubthresholdLeakage(W),GateLeakage(W),RunTimeDynamic(W)
1000,1.3415,0.039994,0.023482,0.002970,0.181503
2000,1.3415,0.039994,0.023482,0.002970,0.099603
3000,1.3415,0.039994,0.023482,0.002970,0.099603
4000,1.3415,0.039994,0.023482,0.002970,0.099603
5000,1.3415,0.039994,0.023482,0.002970,0.099603
6000,1.3415,0.039994,0.023482,0.002970,0.103739
7000,1.3415,0.039994,0.023482,0.002970,0.100752
8000,1.3415,0.039994,0.023482,0.002970,0.101254
9000,1.3415,0.039994,0.023482,0.002970,0.100496
10000,1.3415,0.039994,0.023482,0.002970,0.100718
11000,1.3415,0.039994,0.023482,0.002970,0.100535
12000,1.3415,0.039994,0.023482,0.002970,0.100481
13000,1.3415,0.039994,0.023482,0.002970,0.100658
14000,1.3415,0.039994,0.023482,0.002970,0.100595
15000,1.3415,0.039994,0.023482,0.002970,0.100635
16000,1.3415,0.039994,0.023482,0.002970,0.100512
17000,1.3415,0.039994,0.023482,0.002970,0.100695
18000,1.3415,0.039994,0.023482,0.002970,0.100925
19000,1.3415,0.039994,0.023482,0.002970,0.100649
20000,1.3415,0.039994,0.023482,0.002970,0.101009
21000,1.3415,0.039994,0.023482,0.002970,0.100512
22000,1.3415,0.039994,0.023482,0.002970,0.100795
23000,1.3415,0.039994,0.023482,0.002970,0.101016
24000,1.3415,0.039994,0.023482,0.002970,0.100955
25000,1.3415,0.039994,0.023482,0.002970,0.101703
26000,1.3415,0.039994,0.023482,0.002970,0.101329
27000,1.3415,0.039994,0.023482,0.002970,0.100930
28000,1.3415,0.039994,0.023482,0.002970,0.100772
29000,1.3415,0.039994,0.023482,0.002970,0.100611
30000,1.3415,0.039994,0.023482,0.002970,0.100611
31000,1.3415,0.039994,0.023482,0.002970,0.100749
32000,1.3415,0.039994,0.023482,0.002970,0.100535
33000,1.3415,0.039994,0.023482,0.002970,0.100895
34000,1.3415,0.039994,0.023482,0.002970,0.100863
35000,1.3415,0.039994,0.023482,0.002970,0.100855
36000,1.3415,0.039994,0.023482,0.002970,0.101719
37000,1.3415,0.039994,0.023482,0.002970,0.100930
38000,1.3415,0.039994,0.023482,0.002970,0.100642
