Cycle,Area(mm^2),PeakDynamic(W),SubthresholdLeakage(W),GateLeakage(W),RunTimeDynamic(W)
1000,1.0570,0.187474,0.005507,0.000525,0.000006
2000,1.0570,0.187474,0.005507,0.000525,0.000000
3000,1.0570,0.187474,0.005507,0.000525,0.000000
4000,1.0570,0.187474,0.005507,0.000525,0.000000
5000,1.0570,0.187474,0.005507,0.000525,0.000000
6000,1.0570,0.187474,0.005507,0.000525,0.006286
7000,1.0570,0.187474,0.005507,0.000525,0.007450
8000,1.0570,0.187474,0.005507,0.000525,0.012289
9000,1.0570,0.187474,0.005507,0.000525,0.009422
10000,1.0570,0.187474,0.005507,0.000525,0.009665
11000,1.0570,0.187474,0.005507,0.000525,0.005199
12000,1.0570,0.187474,0.005507,0.000525,0.008204
13000,1.0570,0.187474,0.005507,0.000525,0.009496
14000,1.0570,0.187474,0.005507,0.000525,0.009281
15000,1.0570,0.187474,0.005507,0.000525,0.007143
16000,1.0570,0.187474,0.005507,0.000525,0.007738
17000,1.0570,0.187474,0.005507,0.000525,0.007055
18000,1.0570,0.187474,0.005507,0.000525,0.004736
19000,1.0570,0.187474,0.005507,0.000525,0.004724
20000,1.0570,0.187474,0.005507,0.000525,0.005023
21000,1.0570,0.187474,0.005507,0.000525,0.004524
22000,1.0570,0.187474,0.005507,0.000525,0.005336
23000,1.0570,0.187474,0.005507,0.000525,0.004505
24000,1.0570,0.187474,0.005507,0.000525,0.004304
25000,1.0570,0.187474,0.005507,0.000525,0.002629
26000,1.0570,0.187474,0.005507,0.000525,0.002711
27000,1.0570,0.187474,0.005507,0.000525,0.001324
28000,1.0570,0.187474,0.005507,0.000525,0.001230
29000,1.0570,0.187474,0.005507,0.000525,0.001124
30000,1.0570,0.187474,0.005507,0.000525,0.001124
31000,1.0570,0.187474,0.005507,0.000525,0.001306
32000,1.0570,0.187474,0.005507,0.000525,0.000930
33000,1.0570,0.187474,0.005507,0.000525,0.000650
34000,1.0570,0.187474,0.005507,0.000525,0.000562
35000,1.0570,0.187474,0.005507,0.000525,0.000200
36000,1.0570,0.187474,0.005507,0.000525,0.000650
