Cycle,Area(mm^2),PeakDynamic(W),SubthresholdLeakage(W),GateLeakage(W),RunTimeDynamic(W)
1000,1.6202,0.544831,0.005673,0.000697,0.326993
2000,1.6202,0.544831,0.005673,0.000697,0.326899
3000,1.6202,0.544831,0.005673,0.000697,0.326899
4000,1.6202,0.544831,0.005673,0.000697,0.326899
5000,1.6202,0.544831,0.005673,0.000697,0.326899
6000,1.6202,0.544831,0.005673,0.000697,0.449229
7000,1.6202,0.544831,0.005673,0.000697,0.474691
8000,1.6202,0.544831,0.005673,0.000697,0.531065
9000,1.6202,0.544831,0.005673,0.000697,0.483382
10000,1.6202,0.544831,0.005673,0.000697,0.495455
11000,1.6202,0.544831,0.005673,0.000697,0.518005
12000,1.6202,0.544831,0.005673,0.000697,0.492355
13000,1.6202,0.544831,0.005673,0.000697,0.513636
14000,1.6202,0.544831,0.005673,0.000697,0.508421
15000,1.6202,0.544831,0.005673,0.000697,0.502831
16000,1.6202,0.544831,0.005673,0.000697,0.521951
17000,1.6202,0.544831,0.005673,0.000697,0.505556
18000,1.6202,0.544831,0.005673,0.000697,0.516924
19000,1.6202,0.544831,0.005673,0.000697,0.522525
20000,1.6202,0.544831,0.005673,0.000697,0.522843
21000,1.6202,0.544831,0.005673,0.000697,0.538111
22000,1.6202,0.544831,0.005673,0.000697,0.539004
23000,1.6202,0.544831,0.005673,0.000697,0.533883
24000,1.6202,0.544831,0.005673,0.000697,0.572593
25000,1.6202,0.544831,0.005673,0.000697,0.566026
26000,1.6202,0.544831,0.005673,0.000697,0.567707
27000,1.6202,0.544831,0.005673,0.000697,0.559214
