Cycle,Area(mm^2),PeakDynamic(W),SubthresholdLeakage(W),GateLeakage(W),RunTimeDynamic(W)
1000,23.8212,1.028147,0.538949,0.086720,9.190335
2000,23.8212,1.028147,0.538949,0.086720,9.124054
3000,23.8212,1.028147,0.538949,0.086720,9.124054
4000,23.8212,1.028147,0.538949,0.086720,9.124054
5000,23.8212,1.028147,0.538949,0.086720,9.124054
6000,23.8212,1.028147,0.538949,0.086720,22.957697
7000,23.8212,1.028147,0.538949,0.086720,25.147040
8000,23.8212,1.028147,0.538949,0.086720,23.188885
9000,23.8212,1.028147,0.538949,0.086720,26.650459
10000,23.8212,1.028147,0.538949,0.086720,24.376818
11000,23.8212,1.028147,0.538949,0.086720,25.035952
12000,23.8212,1.028147,0.538949,0.086720,25.435396
13000,23.8212,1.028147,0.538949,0.086720,24.102366
14000,23.8212,1.028147,0.538949,0.086720,25.397190
15000,23.8212,1.028147,0.538949,0.086720,24.741839
16000,23.8212,1.028147,0.538949,0.086720,24.876961
17000,23.8212,1.028147,0.538949,0.086720,25.153603
18000,23.8212,1.028147,0.538949,0.086720,24.206874
19000,23.8212,1.028147,0.538949,0.086720,25.095874
20000,23.8212,1.028147,0.538949,0.086720,24.680546
21000,23.8212,1.028147,0.538949,0.086720,24.834684
22000,23.8212,1.028147,0.538949,0.086720,24.149682
23000,23.8212,1.028147,0.538949,0.086720,24.774476
24000,23.8212,1.028147,0.538949,0.086720,24.396074
25000,23.8212,1.028147,0.538949,0.086720,24.466908
26000,23.8212,1.028147,0.538949,0.086720,24.032641
27000,23.8212,1.028147,0.538949,0.086720,16.818118
