Cycle,Area(mm^2),PeakDynamic(W),SubthresholdLeakage(W),GateLeakage(W),RunTimeDynamic(W)
1000,1.3415,0.039994,0.023482,0.002970,0.164852
2000,1.3415,0.039994,0.023482,0.002970,0.106717
3000,1.3415,0.039994,0.023482,0.002970,0.106717
4000,1.3415,0.039994,0.023482,0.002970,0.106717
5000,1.3415,0.039994,0.023482,0.002970,0.106717
6000,1.3415,0.039994,0.023482,0.002970,0.109840
7000,1.3415,0.039994,0.023482,0.002970,0.107034
8000,1.3415,0.039994,0.023482,0.002970,0.107104
9000,1.3415,0.039994,0.023482,0.002970,0.107013
10000,1.3415,0.039994,0.023482,0.002970,0.106862
11000,1.3415,0.039994,0.023482,0.002970,0.107141
12000,1.3415,0.039994,0.023482,0.002970,0.106960
13000,1.3415,0.039994,0.023482,0.002970,0.106808
14000,1.3415,0.039994,0.023482,0.002970,0.106997
15000,1.3415,0.039994,0.023482,0.002970,0.106983
16000,1.3415,0.039994,0.023482,0.002970,0.106838
17000,1.3415,0.039994,0.023482,0.002970,0.107104
18000,1.3415,0.039994,0.023482,0.002970,0.107088
19000,1.3415,0.039994,0.023482,0.002970,0.107097
20000,1.3415,0.039994,0.023482,0.002970,0.106988
