Cycle,Area(mm^2),PeakDynamic(W),SubthresholdLeakage(W),GateLeakage(W),RunTimeDynamic(W)
1000,1.0570,0.187474,0.005507,0.000525,0.000365
2000,1.0570,0.187474,0.005507,0.000525,0.000000
3000,1.0570,0.187474,0.005507,0.000525,0.000000
4000,1.0570,0.187474,0.005507,0.000525,0.000000
5000,1.0570,0.187474,0.005507,0.000525,0.000000
6000,1.0570,0.187474,0.005507,0.000525,0.000106
7000,1.0570,0.187474,0.005507,0.000525,0.000194
8000,1.0570,0.187474,0.005507,0.000525,0.000459
9000,1.0570,0.187474,0.005507,0.000525,0.000650
10000,1.0570,0.187474,0.005507,0.000525,0.001018
11000,1.0570,0.187474,0.005507,0.000525,0.001018
12000,1.0570,0.187474,0.005507,0.000525,0.000562
13000,1.0570,0.187474,0.005507,0.000525,0.000656
14000,1.0570,0.187474,0.005507,0.000525,0.000459
15000,1.0570,0.187474,0.005507,0.000525,0.001018
16000,1.0570,0.187474,0.005507,0.000525,0.000650
17000,1.0570,0.187474,0.005507,0.000525,0.001112
18000,1.0570,0.187474,0.005507,0.000525,0.000562
19000,1.0570,0.187474,0.005507,0.000525,0.000562
20000,1.0570,0.187474,0.005507,0.000525,0.000827
21000,1.0570,0.187474,0.005507,0.000525,0.000650
22000,1.0570,0.187474,0.005507,0.000525,0.001018
23000,1.0570,0.187474,0.005507,0.000525,0.001018
24000,1.0570,0.187474,0.005507,0.000525,0.000568
25000,1.0570,0.187474,0.005507,0.000525,0.000459
26000,1.0570,0.187474,0.005507,0.000525,0.000650
27000,1.0570,0.187474,0.005507,0.000525,0.001018
28000,1.0570,0.187474,0.005507,0.000525,0.000650
29000,1.0570,0.187474,0.005507,0.000525,0.000930
30000,1.0570,0.187474,0.005507,0.000525,0.000562
31000,1.0570,0.187474,0.005507,0.000525,0.000553
32000,1.0570,0.187474,0.005507,0.000525,0.001018
33000,1.0570,0.187474,0.005507,0.000525,0.000650
34000,1.0570,0.187474,0.005507,0.000525,0.001018
35000,1.0570,0.187474,0.005507,0.000525,0.000562
36000,1.0570,0.187474,0.005507,0.000525,0.000656
37000,1.0570,0.187474,0.005507,0.000525,0.000733
38000,1.0570,0.187474,0.005507,0.000525,0.000744
39000,1.0570,0.187474,0.005507,0.000525,0.001018
