Cycle,Area(mm^2),PeakDynamic(W),SubthresholdLeakage(W),GateLeakage(W),RunTimeDynamic(W)
1000,15.7031,5.502199,0.052647,0.006391,0.550469
2000,15.7031,5.502199,0.052647,0.006391,0.550220
3000,15.7031,5.502199,0.052647,0.006391,0.550220
4000,15.7031,5.502199,0.052647,0.006391,0.550220
5000,15.7031,5.502199,0.052647,0.006391,0.550220
6000,15.7031,5.502199,0.052647,0.006391,0.553210
7000,15.7031,5.502199,0.052647,0.006391,0.556082
8000,15.7031,5.502199,0.052647,0.006391,0.550685
9000,15.7031,5.502199,0.052647,0.006391,0.550809
10000,15.7031,5.502199,0.052647,0.006391,0.550514
11000,15.7031,5.502199,0.052647,0.006391,0.550809
12000,15.7031,5.502199,0.052647,0.006391,0.553337
13000,15.7031,5.502199,0.052647,0.006391,0.553337
14000,15.7031,5.502199,0.052647,0.006391,0.550899
15000,15.7031,5.502199,0.052647,0.006391,0.550586
16000,15.7031,5.502199,0.052647,0.006391,0.550809
17000,15.7031,5.502199,0.052647,0.006391,0.550514
18000,15.7031,5.502199,0.052647,0.006391,0.553409
19000,15.7031,5.502199,0.052647,0.006391,0.553578
20000,15.7031,5.502199,0.052647,0.006391,0.550658
21000,15.7031,5.502199,0.052647,0.006391,0.550809
22000,15.7031,5.502199,0.052647,0.006391,0.550514
23000,15.7031,5.502199,0.052647,0.006391,0.550745
24000,15.7031,5.502199,0.052647,0.006391,0.553265
25000,15.7031,5.502199,0.052647,0.006391,0.553635
26000,15.7031,5.502199,0.052647,0.006391,0.550665
27000,15.7031,5.502199,0.052647,0.006391,0.550658
28000,15.7031,5.502199,0.052647,0.006391,0.550809
29000,15.7031,5.502199,0.052647,0.006391,0.553337
30000,15.7031,5.502199,0.052647,0.006391,0.553337
31000,15.7031,5.502199,0.052647,0.006391,0.550748
32000,15.7031,5.502199,0.052647,0.006391,0.550737
33000,15.7031,5.502199,0.052647,0.006391,0.550737
34000,15.7031,5.502199,0.052647,0.006391,0.550586
35000,15.7031,5.502199,0.052647,0.006391,0.553337
36000,15.7031,5.502199,0.052647,0.006391,0.553337
37000,15.7031,5.502199,0.052647,0.006391,0.550971
38000,15.7031,5.502199,0.052647,0.006391,0.550665
39000,15.7031,5.502199,0.052647,0.006391,0.550658
