Cycle,Area(mm^2),PeakDynamic(W),SubthresholdLeakage(W),GateLeakage(W),RunTimeDynamic(W)
1000,8.6440,0.261844,0.058609,0.079322,0.230319
2000,8.6440,0.261844,0.058609,0.079322,0.184974
3000,8.6440,0.261844,0.058609,0.079322,0.184974
4000,8.6440,0.261844,0.058609,0.079322,0.184974
5000,8.6440,0.261844,0.058609,0.079322,0.184974
6000,8.6440,0.261844,0.058609,0.079322,0.190041
7000,8.6440,0.261844,0.058609,0.079322,0.188157
