Cycle,Area(mm^2),PeakDynamic(W),SubthresholdLeakage(W),GateLeakage(W),RunTimeDynamic(W)
1000,8.6440,0.261844,0.058609,0.079322,0.336288
2000,8.6440,0.261844,0.058609,0.079322,0.213435
3000,8.6440,0.261844,0.058609,0.079322,0.213435
4000,8.6440,0.261844,0.058609,0.079322,0.213435
5000,8.6440,0.261844,0.058609,0.079322,0.213435
6000,8.6440,0.261844,0.058609,0.079322,0.831388
