Cycle,Area(mm^2),PeakDynamic(W),SubthresholdLeakage(W),GateLeakage(W),RunTimeDynamic(W)
1000,8.6440,0.261844,0.058609,0.079322,0.029027
2000,8.6440,0.261844,0.058609,0.079322,0.028458
3000,8.6440,0.261844,0.058609,0.079322,0.028458
4000,8.6440,0.261844,0.058609,0.079322,0.028458
5000,8.6440,0.261844,0.058609,0.079322,0.028458
6000,8.6440,0.261844,0.058609,0.079322,3.580252
7000,8.6440,0.261844,0.058609,0.079322,3.646817
8000,8.6440,0.261844,0.058609,0.079322,4.395175
9000,8.6440,0.261844,0.058609,0.079322,4.727520
10000,8.6440,0.261844,0.058609,0.079322,4.671601
11000,8.6440,0.261844,0.058609,0.079322,4.868150
12000,8.6440,0.261844,0.058609,0.079322,4.824084
