Cycle,Area(mm^2),PeakDynamic(W),SubthresholdLeakage(W),GateLeakage(W),RunTimeDynamic(W)
1000,23.8212,1.028147,0.538949,0.086720,9.144696
2000,23.8212,1.028147,0.538949,0.086720,9.102714
3000,23.8212,1.028147,0.538949,0.086720,9.102714
4000,23.8212,1.028147,0.538949,0.086720,9.102714
5000,23.8212,1.028147,0.538949,0.086720,9.102714
6000,23.8212,1.028147,0.538949,0.086720,18.006897
7000,23.8212,1.028147,0.538949,0.086720,19.139081
8000,23.8212,1.028147,0.538949,0.086720,21.406035
9000,23.8212,1.028147,0.538949,0.086720,20.921086
10000,23.8212,1.028147,0.538949,0.086720,21.649543
11000,23.8212,1.028147,0.538949,0.086720,22.041595
12000,23.8212,1.028147,0.538949,0.086720,21.788653
13000,23.8212,1.028147,0.538949,0.086720,20.846444
14000,23.8212,1.028147,0.538949,0.086720,22.223822
15000,23.8212,1.028147,0.538949,0.086720,21.736257
16000,23.8212,1.028147,0.538949,0.086720,21.924085
17000,23.8212,1.028147,0.538949,0.086720,21.234219
18000,23.8212,1.028147,0.538949,0.086720,21.506367
19000,23.8212,1.028147,0.538949,0.086720,20.527979
20000,23.8212,1.028147,0.538949,0.086720,20.233680
21000,23.8212,1.028147,0.538949,0.086720,21.224313
22000,23.8212,1.028147,0.538949,0.086720,18.166957
23000,23.8212,1.028147,0.538949,0.086720,19.662043
24000,23.8212,1.028147,0.538949,0.086720,19.492579
25000,23.8212,1.028147,0.538949,0.086720,17.517740
26000,23.8212,1.028147,0.538949,0.086720,3.975951
