Cycle,RunTimeDynamic(W)
1000,8.304177
2000,8.483750
3000,8.483750
4000,8.483750
5000,8.483750
6000,8.201241
7000,8.200958
8000,8.200958
9000,8.200958
10000,8.200958
