Cycle,Area(mm^2),PeakDynamic(W),SubthresholdLeakage(W),GateLeakage(W),RunTimeDynamic(W)
1000,15.7031,5.502199,0.052647,0.006391,0.556874
2000,15.7031,5.502199,0.052647,0.006391,0.550220
3000,15.7031,5.502199,0.052647,0.006391,0.550220
4000,15.7031,5.502199,0.052647,0.006391,0.550220
5000,15.7031,5.502199,0.052647,0.006391,0.550220
6000,15.7031,5.502199,0.052647,0.006391,0.680139
7000,15.7031,5.502199,0.052647,0.006391,0.913302
8000,15.7031,5.502199,0.052647,0.006391,0.568700
9000,15.7031,5.502199,0.052647,0.006391,0.589857
10000,15.7031,5.502199,0.052647,0.006391,0.576085
11000,15.7031,5.502199,0.052647,0.006391,0.578679
12000,15.7031,5.502199,0.052647,0.006391,0.621571
13000,15.7031,5.502199,0.052647,0.006391,0.565686
14000,15.7031,5.502199,0.052647,0.006391,0.583519
15000,15.7031,5.502199,0.052647,0.006391,0.591878
16000,15.7031,5.502199,0.052647,0.006391,0.585347
17000,15.7031,5.502199,0.052647,0.006391,0.577562
18000,15.7031,5.502199,0.052647,0.006391,0.557918
19000,15.7031,5.502199,0.052647,0.006391,0.565104
20000,15.7031,5.502199,0.052647,0.006391,0.568576
21000,15.7031,5.502199,0.052647,0.006391,0.577278
22000,15.7031,5.502199,0.052647,0.006391,0.560987
23000,15.7031,5.502199,0.052647,0.006391,0.560762
24000,15.7031,5.502199,0.052647,0.006391,0.550459
25000,15.7031,5.502199,0.052647,0.006391,0.557286
26000,15.7031,5.502199,0.052647,0.006391,0.554026
