Cycle,Area(mm^2),PeakDynamic(W),SubthresholdLeakage(W),GateLeakage(W),RunTimeDynamic(W)
1000,1.3415,0.039994,0.023482,0.002970,0.131733
2000,1.3415,0.039994,0.023482,0.002970,0.099603
3000,1.3415,0.039994,0.023482,0.002970,0.099603
4000,1.3415,0.039994,0.023482,0.002970,0.099603
5000,1.3415,0.039994,0.023482,0.002970,0.099603
6000,1.3415,0.039994,0.023482,0.002970,0.102986
7000,1.3415,0.039994,0.023482,0.002970,0.099959
8000,1.3415,0.039994,0.023482,0.002970,0.099785
9000,1.3415,0.039994,0.023482,0.002970,0.099908
10000,1.3415,0.039994,0.023482,0.002970,0.099929
