Cycle,Area(mm^2),PeakDynamic(W),SubthresholdLeakage(W),GateLeakage(W),RunTimeDynamic(W)
1000,1.3415,0.039994,0.023482,0.002970,0.192649
2000,1.3415,0.039994,0.023482,0.002970,0.106717
3000,1.3415,0.039994,0.023482,0.002970,0.106717
4000,1.3415,0.039994,0.023482,0.002970,0.106717
5000,1.3415,0.039994,0.023482,0.002970,0.106717
6000,1.3415,0.039994,0.023482,0.002970,0.103239
7000,1.3415,0.039994,0.023482,0.002970,0.100089
8000,1.3415,0.039994,0.023482,0.002970,0.099862
9000,1.3415,0.039994,0.023482,0.002970,0.099869
