Cycle,Area(mm^2),PeakDynamic(W),SubthresholdLeakage(W),GateLeakage(W),RunTimeDynamic(W)
1000,8.6440,0.261844,0.058609,0.079322,0.294110
2000,8.6440,0.261844,0.058609,0.079322,0.149406
3000,8.6440,0.261844,0.058609,0.079322,0.149406
4000,8.6440,0.261844,0.058609,0.079322,0.149406
5000,8.6440,0.261844,0.058609,0.079322,0.149406
6000,8.6440,0.261844,0.058609,0.079322,0.563683
7000,8.6440,0.261844,0.058609,0.079322,0.487127
8000,8.6440,0.261844,0.058609,0.079322,0.376881
9000,8.6440,0.261844,0.058609,0.079322,0.433178
10000,8.6440,0.261844,0.058609,0.079322,0.513746
11000,8.6440,0.261844,0.058609,0.079322,0.482143
12000,8.6440,0.261844,0.058609,0.079322,0.436992
13000,8.6440,0.261844,0.058609,0.079322,0.498499
14000,8.6440,0.261844,0.058609,0.079322,0.433265
15000,8.6440,0.261844,0.058609,0.079322,0.372631
16000,8.6440,0.261844,0.058609,0.079322,0.375413
17000,8.6440,0.261844,0.058609,0.079322,0.377592
18000,8.6440,0.261844,0.058609,0.079322,0.377967
19000,8.6440,0.261844,0.058609,0.079322,0.380430
20000,8.6440,0.261844,0.058609,0.079322,0.367094
21000,8.6440,0.261844,0.058609,0.079322,0.361381
22000,8.6440,0.261844,0.058609,0.079322,0.330047
23000,8.6440,0.261844,0.058609,0.079322,0.297692
24000,8.6440,0.261844,0.058609,0.079322,0.313018
25000,8.6440,0.261844,0.058609,0.079322,0.259609
26000,8.6440,0.261844,0.058609,0.079322,0.236236
27000,8.6440,0.261844,0.058609,0.079322,0.193373
28000,8.6440,0.261844,0.058609,0.079322,0.180643
29000,8.6440,0.261844,0.058609,0.079322,0.176977
30000,8.6440,0.261844,0.058609,0.079322,0.171888
31000,8.6440,0.261844,0.058609,0.079322,0.159213
