Cycle,RunTimeDynamic(W)
1000,8.329911
2000,8.483750
3000,8.483750
4000,8.483750
5000,8.483750
6000,7.636223
7000,7.635375
8000,7.635375
9000,7.635375
10000,7.635375
11000,7.635375
12000,7.635375
13000,7.635375
14000,7.635375
15000,7.635375
16000,7.635375
17000,7.635375
18000,7.635375
19000,7.635375
20000,7.635375
21000,7.635375
22000,7.635375
23000,7.635375
24000,7.635375
25000,7.635375
26000,7.806464
27000,7.918166
28000,7.918166
29000,7.918166
30000,7.918166
31000,7.918166
