Cycle,Area(mm^2),PeakDynamic(W),SubthresholdLeakage(W),GateLeakage(W),RunTimeDynamic(W)
1000,1.6202,0.544831,0.005673,0.000697,0.326899
2000,1.6202,0.544831,0.005673,0.000697,0.326899
3000,1.6202,0.544831,0.005673,0.000697,0.326899
4000,1.6202,0.544831,0.005673,0.000697,0.326899
5000,1.6202,0.544831,0.005673,0.000697,0.326899
6000,1.6202,0.544831,0.005673,0.000697,0.331315
7000,1.6202,0.544831,0.005673,0.000697,0.350354
8000,1.6202,0.544831,0.005673,0.000697,0.329154
9000,1.6202,0.544831,0.005673,0.000697,0.329248
10000,1.6202,0.544831,0.005673,0.000697,0.328872
11000,1.6202,0.544831,0.005673,0.000697,0.328778
12000,1.6202,0.544831,0.005673,0.000697,0.327932
13000,1.6202,0.544831,0.005673,0.000697,0.328167
14000,1.6202,0.544831,0.005673,0.000697,0.328167
15000,1.6202,0.544831,0.005673,0.000697,0.328261
16000,1.6202,0.544831,0.005673,0.000697,0.327791
17000,1.6202,0.544831,0.005673,0.000697,0.327650
18000,1.6202,0.544831,0.005673,0.000697,0.327697
19000,1.6202,0.544831,0.005673,0.000697,0.328120
20000,1.6202,0.544831,0.005673,0.000697,0.327604
21000,1.6202,0.544831,0.005673,0.000697,0.327932
22000,1.6202,0.544831,0.005673,0.000697,0.327650
23000,1.6202,0.544831,0.005673,0.000697,0.327604
24000,1.6202,0.544831,0.005673,0.000697,0.327416
25000,1.6202,0.544831,0.005673,0.000697,0.327322
26000,1.6202,0.544831,0.005673,0.000697,0.327228
27000,1.6202,0.544831,0.005673,0.000697,0.327134
28000,1.6202,0.544831,0.005673,0.000697,0.327087
29000,1.6202,0.544831,0.005673,0.000697,0.327040
30000,1.6202,0.544831,0.005673,0.000697,0.326993
31000,1.6202,0.544831,0.005673,0.000697,0.326993
