Cycle,Area(mm^2),PeakDynamic(W),SubthresholdLeakage(W),GateLeakage(W),RunTimeDynamic(W)
1000,23.8212,1.028147,0.538949,0.086720,9.107143
2000,23.8212,1.028147,0.538949,0.086720,8.931967
3000,23.8212,1.028147,0.538949,0.086720,8.931967
4000,23.8212,1.028147,0.538949,0.086720,8.931967
5000,23.8212,1.028147,0.538949,0.086720,8.931967
6000,23.8212,1.028147,0.538949,0.086720,9.069431
7000,23.8212,1.028147,0.538949,0.086720,8.871081
8000,23.8212,1.028147,0.538949,0.086720,8.604156
9000,23.8212,1.028147,0.538949,0.086720,8.722057
10000,23.8212,1.028147,0.538949,0.086720,8.704578
11000,23.8212,1.028147,0.538949,0.086720,8.633072
12000,23.8212,1.028147,0.538949,0.086720,8.616711
13000,23.8212,1.028147,0.538949,0.086720,8.709971
14000,23.8212,1.028147,0.538949,0.086720,8.675094
15000,23.8212,1.028147,0.538949,0.086720,8.586024
16000,23.8212,1.028147,0.538949,0.086720,8.547425
17000,23.8212,1.028147,0.538949,0.086720,8.613417
18000,23.8212,1.028147,0.538949,0.086720,8.543455
19000,23.8212,1.028147,0.538949,0.086720,8.572565
20000,23.8212,1.028147,0.538949,0.086720,8.609900
21000,23.8212,1.028147,0.538949,0.086720,8.547672
22000,23.8212,1.028147,0.538949,0.086720,8.519865
23000,23.8212,1.028147,0.538949,0.086720,8.465558
24000,23.8212,1.028147,0.538949,0.086720,8.548448
25000,23.8212,1.028147,0.538949,0.086720,8.456269
26000,23.8212,1.028147,0.538949,0.086720,8.545351
27000,23.8212,1.028147,0.538949,0.086720,8.562782
28000,23.8212,1.028147,0.538949,0.086720,8.530374
29000,23.8212,1.028147,0.538949,0.086720,8.529971
30000,23.8212,1.028147,0.538949,0.086720,8.493433
31000,23.8212,1.028147,0.538949,0.086720,8.429288
