Cycle,Area(mm^2),PeakDynamic(W),SubthresholdLeakage(W),GateLeakage(W),RunTimeDynamic(W)
1000,0.7779,0.306348,0.002724,0.000334,0.183809
2000,0.7779,0.306348,0.002724,0.000334,0.183809
3000,0.7779,0.306348,0.002724,0.000334,0.183809
4000,0.7779,0.306348,0.002724,0.000334,0.183809
5000,0.7779,0.306348,0.002724,0.000334,0.183809
6000,0.7779,0.306348,0.002724,0.000334,0.184919
7000,0.7779,0.306348,0.002724,0.000334,0.193904
8000,0.7779,0.306348,0.002724,0.000334,0.187392
9000,0.7779,0.306348,0.002724,0.000334,0.184523
10000,0.7779,0.306348,0.002724,0.000334,0.184505
11000,0.7779,0.306348,0.002724,0.000334,0.184932
12000,0.7779,0.306348,0.002724,0.000334,0.185131
13000,0.7779,0.306348,0.002724,0.000334,0.184533
14000,0.7779,0.306348,0.002724,0.000334,0.184458
15000,0.7779,0.306348,0.002724,0.000334,0.184330
16000,0.7779,0.306348,0.002724,0.000334,0.184374
17000,0.7779,0.306348,0.002724,0.000334,0.184194
18000,0.7779,0.306348,0.002724,0.000334,0.184166
19000,0.7779,0.306348,0.002724,0.000334,0.184166
20000,0.7779,0.306348,0.002724,0.000334,0.184072
21000,0.7779,0.306348,0.002724,0.000334,0.184213
22000,0.7779,0.306348,0.002724,0.000334,0.183950
23000,0.7779,0.306348,0.002724,0.000334,0.183978
24000,0.7779,0.306348,0.002724,0.000334,0.183973
25000,0.7779,0.306348,0.002724,0.000334,0.183926
