Cycle,Area(mm^2),PeakDynamic(W),SubthresholdLeakage(W),GateLeakage(W),RunTimeDynamic(W)
1000,23.8212,1.028147,0.538949,0.086720,8.454489
2000,23.8212,1.028147,0.538949,0.086720,8.569123
3000,23.8212,1.028147,0.538949,0.086720,8.569123
4000,23.8212,1.028147,0.538949,0.086720,8.569123
5000,23.8212,1.028147,0.538949,0.086720,8.569123
6000,23.8212,1.028147,0.538949,0.086720,8.416237
7000,23.8212,1.028147,0.538949,0.086720,8.297113
8000,23.8212,1.028147,0.538949,0.086720,8.305648
9000,23.8212,1.028147,0.538949,0.086720,8.293842
10000,23.8212,1.028147,0.538949,0.086720,8.297851
11000,23.8212,1.028147,0.538949,0.086720,8.292326
12000,23.8212,1.028147,0.538949,0.086720,8.307234
13000,23.8212,1.028147,0.538949,0.086720,8.294959
14000,23.8212,1.028147,0.538949,0.086720,8.297410
15000,23.8212,1.028147,0.538949,0.086720,8.305601
16000,23.8212,1.028147,0.538949,0.086720,8.294815
17000,23.8212,1.028147,0.538949,0.086720,8.297814
18000,23.8212,1.028147,0.538949,0.086720,8.301954
19000,23.8212,1.028147,0.538949,0.086720,8.299720
20000,23.8212,1.028147,0.538949,0.086720,8.296166
21000,23.8212,1.028147,0.538949,0.086720,8.299720
22000,23.8212,1.028147,0.538949,0.086720,8.306800
