Cycle,Area(mm^2),PeakDynamic(W),SubthresholdLeakage(W),GateLeakage(W),RunTimeDynamic(W)
1000,0.7779,0.306348,0.002724,0.000334,0.183809
2000,0.7779,0.306348,0.002724,0.000334,0.183809
3000,0.7779,0.306348,0.002724,0.000334,0.183809
4000,0.7779,0.306348,0.002724,0.000334,0.183809
5000,0.7779,0.306348,0.002724,0.000334,0.183809
6000,0.7779,0.306348,0.002724,0.000334,0.184020
7000,0.7779,0.306348,0.002724,0.000334,0.184184
8000,0.7779,0.306348,0.002724,0.000334,0.183809
9000,0.7779,0.306348,0.002724,0.000334,0.183856
10000,0.7779,0.306348,0.002724,0.000334,0.183832
11000,0.7779,0.306348,0.002724,0.000334,0.183809
12000,0.7779,0.306348,0.002724,0.000334,0.183931
13000,0.7779,0.306348,0.002724,0.000334,0.183832
14000,0.7779,0.306348,0.002724,0.000334,0.183903
15000,0.7779,0.306348,0.002724,0.000334,0.183950
16000,0.7779,0.306348,0.002724,0.000334,0.183856
17000,0.7779,0.306348,0.002724,0.000334,0.183809
18000,0.7779,0.306348,0.002724,0.000334,0.183809
19000,0.7779,0.306348,0.002724,0.000334,0.183832
20000,0.7779,0.306348,0.002724,0.000334,0.183809
21000,0.7779,0.306348,0.002724,0.000334,0.183832
22000,0.7779,0.306348,0.002724,0.000334,0.183832
23000,0.7779,0.306348,0.002724,0.000334,0.183856
24000,0.7779,0.306348,0.002724,0.000334,0.183832
25000,0.7779,0.306348,0.002724,0.000334,0.183809
