Cycle,Area(mm^2),PeakDynamic(W),SubthresholdLeakage(W),GateLeakage(W),RunTimeDynamic(W)
1000,23.8212,1.028147,0.538949,0.086720,8.547844
2000,23.8212,1.028147,0.538949,0.086720,8.547780
3000,23.8212,1.028147,0.538949,0.086720,8.547780
4000,23.8212,1.028147,0.538949,0.086720,8.547780
5000,23.8212,1.028147,0.538949,0.086720,8.547780
6000,23.8212,1.028147,0.538949,0.086720,18.532359
7000,23.8212,1.028147,0.538949,0.086720,16.886187
8000,23.8212,1.028147,0.538949,0.086720,17.915270
9000,23.8212,1.028147,0.538949,0.086720,11.620457
10000,23.8212,1.028147,0.538949,0.086720,15.628928
11000,23.8212,1.028147,0.538949,0.086720,17.633139
12000,23.8212,1.028147,0.538949,0.086720,17.985245
13000,23.8212,1.028147,0.538949,0.086720,18.429942
14000,23.8212,1.028147,0.538949,0.086720,13.826854
15000,23.8212,1.028147,0.538949,0.086720,14.293296
16000,23.8212,1.028147,0.538949,0.086720,16.001670
17000,23.8212,1.028147,0.538949,0.086720,18.206091
18000,23.8212,1.028147,0.538949,0.086720,17.516451
19000,23.8212,1.028147,0.538949,0.086720,17.189737
20000,23.8212,1.028147,0.538949,0.086720,12.915368
21000,23.8212,1.028147,0.538949,0.086720,15.832717
22000,23.8212,1.028147,0.538949,0.086720,16.567712
23000,23.8212,1.028147,0.538949,0.086720,18.476110
24000,23.8212,1.028147,0.538949,0.086720,18.471506
25000,23.8212,1.028147,0.538949,0.086720,18.408453
26000,23.8212,1.028147,0.538949,0.086720,17.106958
27000,23.8212,1.028147,0.538949,0.086720,15.678792
28000,23.8212,1.028147,0.538949,0.086720,17.423498
29000,23.8212,1.028147,0.538949,0.086720,17.690294
30000,23.8212,1.028147,0.538949,0.086720,17.755178
31000,23.8212,1.028147,0.538949,0.086720,18.623330
32000,23.8212,1.028147,0.538949,0.086720,18.906397
33000,23.8212,1.028147,0.538949,0.086720,18.872526
34000,23.8212,1.028147,0.538949,0.086720,18.493393
35000,23.8212,1.028147,0.538949,0.086720,18.073926
36000,23.8212,1.028147,0.538949,0.086720,17.797456
37000,23.8212,1.028147,0.538949,0.086720,16.631689
38000,23.8212,1.028147,0.538949,0.086720,16.734432
39000,23.8212,1.028147,0.538949,0.086720,17.684970
40000,23.8212,1.028147,0.538949,0.086720,12.644070
41000,23.8212,1.028147,0.538949,0.086720,8.421488
