Cycle,Area(mm^2),PeakDynamic(W),SubthresholdLeakage(W),GateLeakage(W),RunTimeDynamic(W)
1000,1.6202,0.544831,0.005673,0.000697,0.326899
2000,1.6202,0.544831,0.005673,0.000697,0.326899
3000,1.6202,0.544831,0.005673,0.000697,0.326899
4000,1.6202,0.544831,0.005673,0.000697,0.326899
5000,1.6202,0.544831,0.005673,0.000697,0.326899
6000,1.6202,0.544831,0.005673,0.000697,0.494140
7000,1.6202,0.544831,0.005673,0.000697,0.605243
8000,1.6202,0.544831,0.005673,0.000697,0.672186
9000,1.6202,0.544831,0.005673,0.000697,0.664905
10000,1.6202,0.544831,0.005673,0.000697,0.675615
11000,1.6202,0.544831,0.005673,0.000697,0.659408
12000,1.6202,0.544831,0.005673,0.000697,0.669978
13000,1.6202,0.544831,0.005673,0.000697,0.666972
14000,1.6202,0.544831,0.005673,0.000697,0.651563
15000,1.6202,0.544831,0.005673,0.000697,0.670871
16000,1.6202,0.544831,0.005673,0.000697,0.651969
17000,1.6202,0.544831,0.005673,0.000697,0.669830
18000,1.6202,0.544831,0.005673,0.000697,0.666260
19000,1.6202,0.544831,0.005673,0.000697,0.655179
20000,1.6202,0.544831,0.005673,0.000697,0.638028
21000,1.6202,0.544831,0.005673,0.000697,0.667481
