Cycle,Area(mm^2),PeakDynamic(W),SubthresholdLeakage(W),GateLeakage(W),RunTimeDynamic(W)
1000,23.8212,1.028147,0.538949,0.086720,8.941228
2000,23.8212,1.028147,0.538949,0.086720,8.931967
3000,23.8212,1.028147,0.538949,0.086720,8.931967
4000,23.8212,1.028147,0.538949,0.086720,8.931967
5000,23.8212,1.028147,0.538949,0.086720,8.931967
6000,23.8212,1.028147,0.538949,0.086720,17.894100
7000,23.8212,1.028147,0.538949,0.086720,24.972397
8000,23.8212,1.028147,0.538949,0.086720,25.921919
9000,23.8212,1.028147,0.538949,0.086720,25.638897
10000,23.8212,1.028147,0.538949,0.086720,26.029302
11000,23.8212,1.028147,0.538949,0.086720,25.081596
12000,23.8212,1.028147,0.538949,0.086720,25.743194
13000,23.8212,1.028147,0.538949,0.086720,25.823886
14000,23.8212,1.028147,0.538949,0.086720,24.564039
15000,23.8212,1.028147,0.538949,0.086720,26.233751
16000,23.8212,1.028147,0.538949,0.086720,23.876370
17000,23.8212,1.028147,0.538949,0.086720,26.852743
18000,23.8212,1.028147,0.538949,0.086720,24.277175
19000,23.8212,1.028147,0.538949,0.086720,24.643389
20000,23.8212,1.028147,0.538949,0.086720,24.046526
21000,23.8212,1.028147,0.538949,0.086720,25.830822
