Cycle,Area(mm^2),PeakDynamic(W),SubthresholdLeakage(W),GateLeakage(W),RunTimeDynamic(W)
3000000,0.0324,0.013523,0.002678,0.000431,0.001058
3001000,0.0324,0.013523,0.002678,0.000431,0.001058
3002000,0.0324,0.013523,0.002678,0.000431,0.001175
3003000,0.0324,0.013523,0.002678,0.000431,0.000940
3004000,0.0324,0.013523,0.002678,0.000431,0.000940
3005000,0.0324,0.013523,0.002678,0.000431,0.001175
3006000,0.0324,0.013523,0.002678,0.000431,0.001058
3007000,0.0324,0.013523,0.002678,0.000431,0.001058
3008000,0.0324,0.013523,0.002678,0.000431,0.001175
3009000,0.0324,0.013523,0.002678,0.000431,0.001058
3010000,0.0324,0.013523,0.002678,0.000431,0.000823
3011000,0.0324,0.013523,0.002678,0.000431,0.001175
3012000,0.0324,0.013523,0.002678,0.000431,0.000940
3013000,0.0324,0.013523,0.002678,0.000431,0.001175
3014000,0.0324,0.013523,0.002678,0.000431,0.001175
3015000,0.0324,0.013523,0.002678,0.000431,0.001058
3016000,0.0324,0.013523,0.002678,0.000431,0.000823
3017000,0.0324,0.013523,0.002678,0.000431,0.001175
3018000,0.0324,0.013523,0.002678,0.000431,0.001058
3019000,0.0324,0.013523,0.002678,0.000431,0.001058
3020000,0.0324,0.013523,0.002678,0.000431,0.001175
3021000,0.0324,0.013523,0.002678,0.000431,0.000940
3022000,0.0324,0.013523,0.002678,0.000431,0.001058
3023000,0.0324,0.013523,0.002678,0.000431,0.001058
3024000,0.0324,0.013523,0.002678,0.000431,0.001175
3025000,0.0324,0.013523,0.002678,0.000431,0.000940
3026000,0.0324,0.013523,0.002678,0.000431,0.001175
3027000,0.0324,0.013523,0.002678,0.000431,0.000940
3028000,0.0324,0.013523,0.002678,0.000431,0.000940
3029000,0.0324,0.013523,0.002678,0.000431,0.001175
