Cycle,Area(mm^2),PeakDynamic(W),SubthresholdLeakage(W),GateLeakage(W),RunTimeDynamic(W)
1000,8.6440,0.261844,0.058609,0.079322,0.122600
2000,8.6440,0.261844,0.058609,0.079322,0.099603
3000,8.6440,0.261844,0.058609,0.079322,0.099603
4000,8.6440,0.261844,0.058609,0.079322,0.099603
5000,8.6440,0.261844,0.058609,0.079322,0.099603
6000,8.6440,0.261844,0.058609,0.079322,0.098395
7000,8.6440,0.261844,0.058609,0.079322,0.094185
8000,8.6440,0.261844,0.058609,0.079322,0.095720
9000,8.6440,0.261844,0.058609,0.079322,0.094986
