Cycle,Area(mm^2),PeakDynamic(W),SubthresholdLeakage(W),GateLeakage(W),RunTimeDynamic(W)
1000,1.3415,0.039994,0.023482,0.002970,0.120794
2000,1.3415,0.039994,0.023482,0.002970,0.099603
3000,1.3415,0.039994,0.023482,0.002970,0.099603
4000,1.3415,0.039994,0.023482,0.002970,0.099603
5000,1.3415,0.039994,0.023482,0.002970,0.099603
6000,1.3415,0.039994,0.023482,0.002970,0.095861
7000,1.3415,0.039994,0.023482,0.002970,0.092867
8000,1.3415,0.039994,0.023482,0.002970,0.092669
9000,1.3415,0.039994,0.023482,0.002970,0.092776
