Cycle,Area(mm^2),PeakDynamic(W),SubthresholdLeakage(W),GateLeakage(W),RunTimeDynamic(W)
1000,23.8212,1.028147,0.538949,0.086720,9.461816
2000,23.8212,1.028147,0.538949,0.086720,9.124054
3000,23.8212,1.028147,0.538949,0.086720,9.124054
4000,23.8212,1.028147,0.538949,0.086720,9.124054
5000,23.8212,1.028147,0.538949,0.086720,9.124054
6000,23.8212,1.028147,0.538949,0.086720,15.361364
7000,23.8212,1.028147,0.538949,0.086720,15.254051
8000,23.8212,1.028147,0.538949,0.086720,11.675500
9000,23.8212,1.028147,0.538949,0.086720,13.073788
10000,23.8212,1.028147,0.538949,0.086720,15.853505
11000,23.8212,1.028147,0.538949,0.086720,16.043060
12000,23.8212,1.028147,0.538949,0.086720,16.505114
13000,23.8212,1.028147,0.538949,0.086720,14.919621
14000,23.8212,1.028147,0.538949,0.086720,14.170673
15000,23.8212,1.028147,0.538949,0.086720,14.605493
16000,23.8212,1.028147,0.538949,0.086720,16.448692
17000,23.8212,1.028147,0.538949,0.086720,15.836472
18000,23.8212,1.028147,0.538949,0.086720,16.390482
19000,23.8212,1.028147,0.538949,0.086720,15.123380
20000,23.8212,1.028147,0.538949,0.086720,15.831994
21000,23.8212,1.028147,0.538949,0.086720,15.670676
22000,23.8212,1.028147,0.538949,0.086720,15.209791
23000,23.8212,1.028147,0.538949,0.086720,15.753350
24000,23.8212,1.028147,0.538949,0.086720,15.068305
25000,23.8212,1.028147,0.538949,0.086720,15.852551
26000,23.8212,1.028147,0.538949,0.086720,15.947822
27000,23.8212,1.028147,0.538949,0.086720,15.454435
28000,23.8212,1.028147,0.538949,0.086720,15.223904
29000,23.8212,1.028147,0.538949,0.086720,13.998510
30000,23.8212,1.028147,0.538949,0.086720,16.155579
31000,23.8212,1.028147,0.538949,0.086720,15.390337
32000,23.8212,1.028147,0.538949,0.086720,15.627804
33000,23.8212,1.028147,0.538949,0.086720,14.517785
34000,23.8212,1.028147,0.538949,0.086720,15.231498
35000,23.8212,1.028147,0.538949,0.086720,15.972225
36000,23.8212,1.028147,0.538949,0.086720,15.965293
37000,23.8212,1.028147,0.538949,0.086720,15.600269
38000,23.8212,1.028147,0.538949,0.086720,14.978025
39000,23.8212,1.028147,0.538949,0.086720,15.658706
40000,23.8212,1.028147,0.538949,0.086720,14.090938
