Cycle,Area(mm^2),PeakDynamic(W),SubthresholdLeakage(W),GateLeakage(W),RunTimeDynamic(W)
1000,15.7031,5.502199,0.052647,0.006391,0.556752
2000,15.7031,5.502199,0.052647,0.006391,0.550220
3000,15.7031,5.502199,0.052647,0.006391,0.550220
4000,15.7031,5.502199,0.052647,0.006391,0.550220
5000,15.7031,5.502199,0.052647,0.006391,0.550220
6000,15.7031,5.502199,0.052647,0.006391,9.881394
7000,15.7031,5.502199,0.052647,0.006391,6.057510
8000,15.7031,5.502199,0.052647,0.006391,11.453439
9000,15.7031,5.502199,0.052647,0.006391,12.792093
10000,15.7031,5.502199,0.052647,0.006391,12.220889
11000,15.7031,5.502199,0.052647,0.006391,10.164669
12000,15.7031,5.502199,0.052647,0.006391,10.606016
13000,15.7031,5.502199,0.052647,0.006391,11.725047
14000,15.7031,5.502199,0.052647,0.006391,11.864233
15000,15.7031,5.502199,0.052647,0.006391,12.391078
16000,15.7031,5.502199,0.052647,0.006391,12.655717
17000,15.7031,5.502199,0.052647,0.006391,11.867624
18000,15.7031,5.502199,0.052647,0.006391,11.593300
19000,15.7031,5.502199,0.052647,0.006391,12.088867
20000,15.7031,5.502199,0.052647,0.006391,12.030522
21000,15.7031,5.502199,0.052647,0.006391,12.361106
22000,15.7031,5.502199,0.052647,0.006391,12.890099
23000,15.7031,5.502199,0.052647,0.006391,12.589477
24000,15.7031,5.502199,0.052647,0.006391,13.071237
25000,15.7031,5.502199,0.052647,0.006391,12.482486
26000,15.7031,5.502199,0.052647,0.006391,12.281177
27000,15.7031,5.502199,0.052647,0.006391,12.986618
28000,15.7031,5.502199,0.052647,0.006391,13.473439
29000,15.7031,5.502199,0.052647,0.006391,13.822099
30000,15.7031,5.502199,0.052647,0.006391,12.936421
31000,15.7031,5.502199,0.052647,0.006391,13.894895
32000,15.7031,5.502199,0.052647,0.006391,12.453922
33000,15.7031,5.502199,0.052647,0.006391,15.295264
34000,15.7031,5.502199,0.052647,0.006391,14.434022
35000,15.7031,5.502199,0.052647,0.006391,14.328000
36000,15.7031,5.502199,0.052647,0.006391,14.541415
37000,15.7031,5.502199,0.052647,0.006391,14.478176
38000,15.7031,5.502199,0.052647,0.006391,12.753653
39000,15.7031,5.502199,0.052647,0.006391,13.679520
40000,15.7031,5.502199,0.052647,0.006391,13.850347
