Cycle,Area(mm^2),PeakDynamic(W),SubthresholdLeakage(W),GateLeakage(W),RunTimeDynamic(W)
1000,23.8212,1.028147,0.538949,0.086720,6.847537
2000,23.8212,1.028147,0.538949,0.086720,8.697185
3000,23.8212,1.028147,0.538949,0.086720,8.697185
4000,23.8212,1.028147,0.538949,0.086720,8.697185
5000,23.8212,1.028147,0.538949,0.086720,8.697185
6000,23.8212,1.028147,0.538949,0.086720,18.525094
7000,23.8212,1.028147,0.538949,0.086720,16.893580
8000,23.8212,1.028147,0.538949,0.086720,18.326405
9000,23.8212,1.028147,0.538949,0.086720,10.785416
10000,23.8212,1.028147,0.538949,0.086720,15.264836
11000,23.8212,1.028147,0.538949,0.086720,18.053707
12000,23.8212,1.028147,0.538949,0.086720,17.707355
13000,23.8212,1.028147,0.538949,0.086720,18.773774
14000,23.8212,1.028147,0.538949,0.086720,12.617938
15000,23.8212,1.028147,0.538949,0.086720,14.758726
16000,23.8212,1.028147,0.538949,0.086720,15.571184
17000,23.8212,1.028147,0.538949,0.086720,18.940921
18000,23.8212,1.028147,0.538949,0.086720,17.136776
19000,23.8212,1.028147,0.538949,0.086720,17.630617
20000,23.8212,1.028147,0.538949,0.086720,12.184152
21000,23.8212,1.028147,0.538949,0.086720,15.904825
22000,23.8212,1.028147,0.538949,0.086720,16.845021
23000,23.8212,1.028147,0.538949,0.086720,18.437796
24000,23.8212,1.028147,0.538949,0.086720,18.434833
25000,23.8212,1.028147,0.538949,0.086720,19.097117
26000,23.8212,1.028147,0.538949,0.086720,17.665562
27000,23.8212,1.028147,0.538949,0.086720,16.025132
28000,23.8212,1.028147,0.538949,0.086720,17.933277
29000,23.8212,1.028147,0.538949,0.086720,17.421773
30000,23.8212,1.028147,0.538949,0.086720,17.542210
31000,23.8212,1.028147,0.538949,0.086720,18.236671
32000,23.8212,1.028147,0.538949,0.086720,18.809262
33000,23.8212,1.028147,0.538949,0.086720,18.867815
34000,23.8212,1.028147,0.538949,0.086720,18.651169
35000,23.8212,1.028147,0.538949,0.086720,18.567710
36000,23.8212,1.028147,0.538949,0.086720,18.240861
37000,23.8212,1.028147,0.538949,0.086720,16.550677
38000,23.8212,1.028147,0.538949,0.086720,17.360745
39000,23.8212,1.028147,0.538949,0.086720,18.088652
40000,23.8212,1.028147,0.538949,0.086720,11.171913
41000,23.8212,1.028147,0.538949,0.086720,8.482164
