Cycle,Area(mm^2),PeakDynamic(W),SubthresholdLeakage(W),GateLeakage(W),RunTimeDynamic(W)
1000,1.6202,0.544831,0.005673,0.000697,0.326993
2000,1.6202,0.544831,0.005673,0.000697,0.326899
3000,1.6202,0.544831,0.005673,0.000697,0.326899
4000,1.6202,0.544831,0.005673,0.000697,0.326899
5000,1.6202,0.544831,0.005673,0.000697,0.326899
6000,1.6202,0.544831,0.005673,0.000697,0.447820
7000,1.6202,0.544831,0.005673,0.000697,0.448853
8000,1.6202,0.544831,0.005673,0.000697,0.451766
9000,1.6202,0.544831,0.005673,0.000697,0.455148
10000,1.6202,0.544831,0.005673,0.000697,0.454068
11000,1.6202,0.544831,0.005673,0.000697,0.456504
12000,1.6202,0.544831,0.005673,0.000697,0.461725
13000,1.6202,0.544831,0.005673,0.000697,0.472295
14000,1.6202,0.544831,0.005673,0.000697,0.469524
15000,1.6202,0.544831,0.005673,0.000697,0.472906
16000,1.6202,0.544831,0.005673,0.000697,0.472577
17000,1.6202,0.544831,0.005673,0.000697,0.477644
18000,1.6202,0.544831,0.005673,0.000697,0.466141
19000,1.6202,0.544831,0.005673,0.000697,0.470174
20000,1.6202,0.544831,0.005673,0.000697,0.470879
21000,1.6202,0.544831,0.005673,0.000697,0.473918
22000,1.6202,0.544831,0.005673,0.000697,0.474731
23000,1.6202,0.544831,0.005673,0.000697,0.484040
24000,1.6202,0.544831,0.005673,0.000697,0.481167
25000,1.6202,0.544831,0.005673,0.000697,0.492059
26000,1.6202,0.544831,0.005673,0.000697,0.492395
27000,1.6202,0.544831,0.005673,0.000697,0.494657
28000,1.6202,0.544831,0.005673,0.000697,0.505220
29000,1.6202,0.544831,0.005673,0.000697,0.516254
30000,1.6202,0.544831,0.005673,0.000697,0.534130
31000,1.6202,0.544831,0.005673,0.000697,0.549283
32000,1.6202,0.544831,0.005673,0.000697,0.543891
33000,1.6202,0.544831,0.005673,0.000697,0.518487
