Cycle,Area(mm^2),PeakDynamic(W),SubthresholdLeakage(W),GateLeakage(W),RunTimeDynamic(W)
1000,0.7779,0.306348,0.002724,0.000334,0.183856
2000,0.7779,0.306348,0.002724,0.000334,0.183809
3000,0.7779,0.306348,0.002724,0.000334,0.183809
4000,0.7779,0.306348,0.002724,0.000334,0.183809
5000,0.7779,0.306348,0.002724,0.000334,0.183809
6000,0.7779,0.306348,0.002724,0.000334,0.244246
7000,0.7779,0.306348,0.002724,0.000334,0.244762
8000,0.7779,0.306348,0.002724,0.000334,0.246218
9000,0.7779,0.306348,0.002724,0.000334,0.247908
10000,0.7779,0.306348,0.002724,0.000334,0.247368
11000,0.7779,0.306348,0.002724,0.000334,0.248586
12000,0.7779,0.306348,0.002724,0.000334,0.251196
13000,0.7779,0.306348,0.002724,0.000334,0.256479
14000,0.7779,0.306348,0.002724,0.000334,0.255093
15000,0.7779,0.306348,0.002724,0.000334,0.256784
16000,0.7779,0.306348,0.002724,0.000334,0.256619
17000,0.7779,0.306348,0.002724,0.000334,0.259152
18000,0.7779,0.306348,0.002724,0.000334,0.253403
19000,0.7779,0.306348,0.002724,0.000334,0.255418
20000,0.7779,0.306348,0.002724,0.000334,0.255771
21000,0.7779,0.306348,0.002724,0.000334,0.257290
22000,0.7779,0.306348,0.002724,0.000334,0.257696
23000,0.7779,0.306348,0.002724,0.000334,0.262348
24000,0.7779,0.306348,0.002724,0.000334,0.260913
25000,0.7779,0.306348,0.002724,0.000334,0.266356
26000,0.7779,0.306348,0.002724,0.000334,0.266524
27000,0.7779,0.306348,0.002724,0.000334,0.267655
28000,0.7779,0.306348,0.002724,0.000334,0.272934
29000,0.7779,0.306348,0.002724,0.000334,0.278449
30000,0.7779,0.306348,0.002724,0.000334,0.287384
31000,0.7779,0.306348,0.002724,0.000334,0.294958
32000,0.7779,0.306348,0.002724,0.000334,0.292262
33000,0.7779,0.306348,0.002724,0.000334,0.279566
