Cycle,Area(mm^2),PeakDynamic(W),SubthresholdLeakage(W),GateLeakage(W),RunTimeDynamic(W)
1000,23.8212,1.028147,0.538949,0.086720,9.261786
2000,23.8212,1.028147,0.538949,0.086720,9.124054
3000,23.8212,1.028147,0.538949,0.086720,9.124054
4000,23.8212,1.028147,0.538949,0.086720,9.124054
5000,23.8212,1.028147,0.538949,0.086720,9.124054
6000,23.8212,1.028147,0.538949,0.086720,19.159571
7000,23.8212,1.028147,0.538949,0.086720,20.829805
8000,23.8212,1.028147,0.538949,0.086720,21.151966
9000,23.8212,1.028147,0.538949,0.086720,22.131028
10000,23.8212,1.028147,0.538949,0.086720,22.283577
11000,23.8212,1.028147,0.538949,0.086720,22.673156
12000,23.8212,1.028147,0.538949,0.086720,22.343633
13000,23.8212,1.028147,0.538949,0.086720,22.136975
14000,23.8212,1.028147,0.538949,0.086720,22.162091
15000,23.8212,1.028147,0.538949,0.086720,21.803069
16000,23.8212,1.028147,0.538949,0.086720,21.865703
17000,23.8212,1.028147,0.538949,0.086720,22.150916
18000,23.8212,1.028147,0.538949,0.086720,22.255871
19000,23.8212,1.028147,0.538949,0.086720,21.849282
20000,23.8212,1.028147,0.538949,0.086720,21.466921
21000,23.8212,1.028147,0.538949,0.086720,21.822399
22000,23.8212,1.028147,0.538949,0.086720,22.221988
23000,23.8212,1.028147,0.538949,0.086720,21.961836
24000,23.8212,1.028147,0.538949,0.086720,21.809565
25000,23.8212,1.028147,0.538949,0.086720,21.532551
26000,23.8212,1.028147,0.538949,0.086720,22.088519
27000,23.8212,1.028147,0.538949,0.086720,21.599483
28000,23.8212,1.028147,0.538949,0.086720,21.641646
29000,23.8212,1.028147,0.538949,0.086720,21.664214
30000,23.8212,1.028147,0.538949,0.086720,21.220998
31000,23.8212,1.028147,0.538949,0.086720,21.119506
32000,23.8212,1.028147,0.538949,0.086720,20.907173
33000,23.8212,1.028147,0.538949,0.086720,14.297584
