Cycle,Area(mm^2),PeakDynamic(W),SubthresholdLeakage(W),GateLeakage(W),RunTimeDynamic(W)
1000,8.6440,0.261844,0.058609,0.079322,0.159516
2000,8.6440,0.261844,0.058609,0.079322,0.113831
3000,8.6440,0.261844,0.058609,0.079322,0.113831
4000,8.6440,0.261844,0.058609,0.079322,0.113831
5000,8.6440,0.261844,0.058609,0.079322,0.113831
6000,8.6440,0.261844,0.058609,0.079322,0.172686
7000,8.6440,0.261844,0.058609,0.079322,0.057460
8000,8.6440,0.261844,0.058609,0.079322,0.074073
9000,8.6440,0.261844,0.058609,0.079322,0.079126
