Cycle,RunTimeDynamic(W)
1000,8.379965
2000,8.483750
3000,8.483750
4000,8.483750
5000,8.483750
6000,4.811135
7000,4.807458
8000,5.024359
9000,5.090250
