Cycle,Area(mm^2),PeakDynamic(W),SubthresholdLeakage(W),GateLeakage(W),RunTimeDynamic(W)
1000,8.6440,0.261844,0.058609,0.079322,0.148737
2000,8.6440,0.261844,0.058609,0.079322,0.113831
3000,8.6440,0.261844,0.058609,0.079322,0.113831
4000,8.6440,0.261844,0.058609,0.079322,0.113831
5000,8.6440,0.261844,0.058609,0.079322,0.113831
6000,8.6440,0.261844,0.058609,0.079322,0.110655
7000,8.6440,0.261844,0.058609,0.079322,0.109350
8000,8.6440,0.261844,0.058609,0.079322,0.112003
