Cycle,Area(mm^2),PeakDynamic(W),SubthresholdLeakage(W),GateLeakage(W),RunTimeDynamic(W)
1000,0.2191,0.065854,0.000377,0.000034,0.039889
2000,0.2191,0.065854,0.000377,0.000034,0.039512
3000,0.2191,0.065854,0.000377,0.000034,0.039512
4000,0.2191,0.065854,0.000377,0.000034,0.039512
5000,0.2191,0.065854,0.000377,0.000034,0.039512
6000,0.2191,0.065854,0.000377,0.000034,1.401079
7000,0.2191,0.065854,0.000377,0.000034,2.239953
8000,0.2191,0.065854,0.000377,0.000034,2.549992
9000,0.2191,0.065854,0.000377,0.000034,2.025052
10000,0.2191,0.065854,0.000377,0.000034,2.254700
11000,0.2191,0.065854,0.000377,0.000034,2.384573
12000,0.2191,0.065854,0.000377,0.000034,2.571022
13000,0.2191,0.065854,0.000377,0.000034,2.624232
14000,0.2191,0.065854,0.000377,0.000034,2.567076
15000,0.2191,0.065854,0.000377,0.000034,2.485804
16000,0.2191,0.065854,0.000377,0.000034,2.335148
17000,0.2191,0.065854,0.000377,0.000034,2.382324
18000,0.2191,0.065854,0.000377,0.000034,2.504615
19000,0.2191,0.065854,0.000377,0.000034,2.571699
20000,0.2191,0.065854,0.000377,0.000034,2.621551
21000,0.2191,0.065854,0.000377,0.000034,2.572725
22000,0.2191,0.065854,0.000377,0.000034,2.518986
23000,0.2191,0.065854,0.000377,0.000034,2.491231
24000,0.2191,0.065854,0.000377,0.000034,2.448651
25000,0.2191,0.065854,0.000377,0.000034,2.449646
26000,0.2191,0.065854,0.000377,0.000034,2.565500
27000,0.2191,0.065854,0.000377,0.000034,2.574962
28000,0.2191,0.065854,0.000377,0.000034,2.603345
29000,0.2191,0.065854,0.000377,0.000034,2.613278
30000,0.2191,0.065854,0.000377,0.000034,2.488743
31000,0.2191,0.065854,0.000377,0.000034,2.480328
32000,0.2191,0.065854,0.000377,0.000034,2.516693
33000,0.2191,0.065854,0.000377,0.000034,2.405482
34000,0.2191,0.065854,0.000377,0.000034,2.547488
35000,0.2191,0.065854,0.000377,0.000034,2.531441
36000,0.2191,0.065854,0.000377,0.000034,2.477547
37000,0.2191,0.065854,0.000377,0.000034,2.293772
38000,0.2191,0.065854,0.000377,0.000034,2.363006
39000,0.2191,0.065854,0.000377,0.000034,2.362865
40000,0.2191,0.065854,0.000377,0.000034,2.324070
