Cycle,Area(mm^2),PeakDynamic(W),SubthresholdLeakage(W),GateLeakage(W),RunTimeDynamic(W)
1000,1.6202,0.544831,0.005673,0.000697,0.326899
2000,1.6202,0.544831,0.005673,0.000697,0.326899
3000,1.6202,0.544831,0.005673,0.000697,0.326899
4000,1.6202,0.544831,0.005673,0.000697,0.326899
5000,1.6202,0.544831,0.005673,0.000697,0.326899
6000,1.6202,0.544831,0.005673,0.000697,0.468812
7000,1.6202,0.544831,0.005673,0.000697,0.329905
8000,1.6202,0.544831,0.005673,0.000697,0.498509
9000,1.6202,0.544831,0.005673,0.000697,0.483422
10000,1.6202,0.544831,0.005673,0.000697,0.443075
11000,1.6202,0.544831,0.005673,0.000697,0.448048
12000,1.6202,0.544831,0.005673,0.000697,0.454578
13000,1.6202,0.544831,0.005673,0.000697,0.464121
14000,1.6202,0.544831,0.005673,0.000697,0.469805
15000,1.6202,0.544831,0.005673,0.000697,0.470228
16000,1.6202,0.544831,0.005673,0.000697,0.457302
17000,1.6202,0.544831,0.005673,0.000697,0.438981
18000,1.6202,0.544831,0.005673,0.000697,0.445377
19000,1.6202,0.544831,0.005673,0.000697,0.444343
20000,1.6202,0.544831,0.005673,0.000697,0.454914
21000,1.6202,0.544831,0.005673,0.000697,0.451954
22000,1.6202,0.544831,0.005673,0.000697,0.446685
23000,1.6202,0.544831,0.005673,0.000697,0.444766
24000,1.6202,0.544831,0.005673,0.000697,0.441948
25000,1.6202,0.544831,0.005673,0.000697,0.427995
26000,1.6202,0.544831,0.005673,0.000697,0.442840
27000,1.6202,0.544831,0.005673,0.000697,0.446223
28000,1.6202,0.544831,0.005673,0.000697,0.445833
29000,1.6202,0.544831,0.005673,0.000697,0.449229
30000,1.6202,0.544831,0.005673,0.000697,0.450819
31000,1.6202,0.544831,0.005673,0.000697,0.445048
32000,1.6202,0.544831,0.005673,0.000697,0.446035
33000,1.6202,0.544831,0.005673,0.000697,0.452142
34000,1.6202,0.544831,0.005673,0.000697,0.460020
35000,1.6202,0.544831,0.005673,0.000697,0.518196
36000,1.6202,0.544831,0.005673,0.000697,0.619392
37000,1.6202,0.544831,0.005673,0.000697,0.657912
38000,1.6202,0.544831,0.005673,0.000697,0.646535
39000,1.6202,0.544831,0.005673,0.000697,0.654453
40000,1.6202,0.544831,0.005673,0.000697,0.663686
