Cycle,Area(mm^2),PeakDynamic(W),SubthresholdLeakage(W),GateLeakage(W),RunTimeDynamic(W)
1000,15.7031,5.502199,0.052647,0.006391,0.550596
2000,15.7031,5.502199,0.052647,0.006391,0.550220
3000,15.7031,5.502199,0.052647,0.006391,0.550220
4000,15.7031,5.502199,0.052647,0.006391,0.550220
5000,15.7031,5.502199,0.052647,0.006391,0.550220
6000,15.7031,5.502199,0.052647,0.006391,10.446454
7000,15.7031,5.502199,0.052647,0.006391,2.930734
8000,15.7031,5.502199,0.052647,0.006391,13.360803
9000,15.7031,5.502199,0.052647,0.006391,11.930035
10000,15.7031,5.502199,0.052647,0.006391,9.740849
11000,15.7031,5.502199,0.052647,0.006391,10.165874
12000,15.7031,5.502199,0.052647,0.006391,10.743875
13000,15.7031,5.502199,0.052647,0.006391,11.374988
14000,15.7031,5.502199,0.052647,0.006391,11.669639
15000,15.7031,5.502199,0.052647,0.006391,11.602790
16000,15.7031,5.502199,0.052647,0.006391,10.671648
17000,15.7031,5.502199,0.052647,0.006391,9.621496
18000,15.7031,5.502199,0.052647,0.006391,10.133175
19000,15.7031,5.502199,0.052647,0.006391,10.142900
20000,15.7031,5.502199,0.052647,0.006391,10.827642
21000,15.7031,5.502199,0.052647,0.006391,10.595197
22000,15.7031,5.502199,0.052647,0.006391,10.227773
23000,15.7031,5.502199,0.052647,0.006391,10.085937
24000,15.7031,5.502199,0.052647,0.006391,9.871814
25000,15.7031,5.502199,0.052647,0.006391,9.037151
26000,15.7031,5.502199,0.052647,0.006391,10.042122
27000,15.7031,5.502199,0.052647,0.006391,10.254168
28000,15.7031,5.502199,0.052647,0.006391,10.256573
29000,15.7031,5.502199,0.052647,0.006391,10.473012
30000,15.7031,5.502199,0.052647,0.006391,10.436958
31000,15.7031,5.502199,0.052647,0.006391,10.091462
32000,15.7031,5.502199,0.052647,0.006391,10.193272
33000,15.7031,5.502199,0.052647,0.006391,10.439208
34000,15.7031,5.502199,0.052647,0.006391,11.039543
35000,15.7031,5.502199,0.052647,0.006391,13.113991
36000,15.7031,5.502199,0.052647,0.006391,16.258214
37000,15.7031,5.502199,0.052647,0.006391,16.833083
38000,15.7031,5.502199,0.052647,0.006391,16.760226
39000,15.7031,5.502199,0.052647,0.006391,17.062808
40000,15.7031,5.502199,0.052647,0.006391,17.282443
