Cycle,Area(mm^2),PeakDynamic(W),SubthresholdLeakage(W),GateLeakage(W),RunTimeDynamic(W)
1000,0.0324,0.013523,0.002678,0.000431,0.000588
2000,0.0324,0.013523,0.002678,0.000431,0.000000
3000,0.0324,0.013523,0.002678,0.000431,0.000000
4000,0.0324,0.013523,0.002678,0.000431,0.000000
5000,0.0324,0.013523,0.002678,0.000431,0.000000
6000,0.0324,0.013523,0.002678,0.000431,2.271937
7000,0.0324,0.013523,0.002678,0.000431,3.290437
8000,0.0324,0.013523,0.002678,0.000431,2.265708
9000,0.0324,0.013523,0.002678,0.000431,2.120208
10000,0.0324,0.013523,0.002678,0.000431,2.288979
11000,0.0324,0.013523,0.002678,0.000431,2.255248
12000,0.0324,0.013523,0.002678,0.000431,2.275228
13000,0.0324,0.013523,0.002678,0.000431,2.225161
14000,0.0324,0.013523,0.002678,0.000431,2.236796
15000,0.0324,0.013523,0.002678,0.000431,2.225631
16000,0.0324,0.013523,0.002678,0.000431,2.218227
17000,0.0324,0.013523,0.002678,0.000431,2.285571
18000,0.0324,0.013523,0.002678,0.000431,2.287098
19000,0.0324,0.013523,0.002678,0.000431,2.292740
20000,0.0324,0.013523,0.002678,0.000431,2.338223
21000,0.0324,0.013523,0.002678,0.000431,2.302260
22000,0.0324,0.013523,0.002678,0.000431,2.302495
23000,0.0324,0.013523,0.002678,0.000431,2.277579
24000,0.0324,0.013523,0.002678,0.000431,2.355970
25000,0.0324,0.013523,0.002678,0.000431,2.311897
26000,0.0324,0.013523,0.002678,0.000431,2.365960
27000,0.0324,0.013523,0.002678,0.000431,2.321652
28000,0.0324,0.013523,0.002678,0.000431,2.320829
29000,0.0324,0.013523,0.002678,0.000431,2.313895
30000,0.0324,0.013523,0.002678,0.000431,2.297676
31000,0.0324,0.013523,0.002678,0.000431,2.340104
32000,0.0324,0.013523,0.002678,0.000431,2.315893
33000,0.0324,0.013523,0.002678,0.000431,2.309546
34000,0.0324,0.013523,0.002678,0.000431,2.358438
35000,0.0324,0.013523,0.002678,0.000431,2.304140
36000,0.0324,0.013523,0.002678,0.000431,2.253955
37000,0.0324,0.013523,0.002678,0.000431,2.114920
38000,0.0324,0.013523,0.002678,0.000431,2.192606
39000,0.0324,0.013523,0.002678,0.000431,2.170275
40000,0.0324,0.013523,0.002678,0.000431,2.106458
