Cycle,Area(mm^2),PeakDynamic(W),SubthresholdLeakage(W),GateLeakage(W),RunTimeDynamic(W)
1000,23.8212,1.028147,0.538949,0.086720,9.424993
2000,23.8212,1.028147,0.538949,0.086720,9.124054
3000,23.8212,1.028147,0.538949,0.086720,9.124054
4000,23.8212,1.028147,0.538949,0.086720,9.124054
5000,23.8212,1.028147,0.538949,0.086720,9.124054
6000,23.8212,1.028147,0.538949,0.086720,29.387848
7000,23.8212,1.028147,0.538949,0.086720,37.536697
8000,23.8212,1.028147,0.538949,0.086720,31.518875
9000,23.8212,1.028147,0.538949,0.086720,37.768586
10000,23.8212,1.028147,0.538949,0.086720,37.961697
11000,23.8212,1.028147,0.538949,0.086720,39.462558
12000,23.8212,1.028147,0.538949,0.086720,39.019968
13000,23.8212,1.028147,0.538949,0.086720,39.029300
14000,23.8212,1.028147,0.538949,0.086720,39.177945
15000,23.8212,1.028147,0.538949,0.086720,39.467896
16000,23.8212,1.028147,0.538949,0.086720,38.201440
17000,23.8212,1.028147,0.538949,0.086720,38.123718
18000,23.8212,1.028147,0.538949,0.086720,38.229938
19000,23.8212,1.028147,0.538949,0.086720,37.439690
20000,23.8212,1.028147,0.538949,0.086720,35.444216
