Cycle,Area(mm^2),PeakDynamic(W),SubthresholdLeakage(W),GateLeakage(W),RunTimeDynamic(W)
1000,23.8212,1.028147,0.538949,0.086720,8.821548
2000,23.8212,1.028147,0.538949,0.086720,8.782560
3000,23.8212,1.028147,0.538949,0.086720,8.782560
4000,23.8212,1.028147,0.538949,0.086720,8.782560
5000,23.8212,1.028147,0.538949,0.086720,8.782560
6000,23.8212,1.028147,0.538949,0.086720,15.522687
7000,23.8212,1.028147,0.538949,0.086720,21.010592
8000,23.8212,1.028147,0.538949,0.086720,22.737396
9000,23.8212,1.028147,0.538949,0.086720,22.253601
10000,23.8212,1.028147,0.538949,0.086720,21.316313
11000,23.8212,1.028147,0.538949,0.086720,22.481310
12000,23.8212,1.028147,0.538949,0.086720,22.153658
13000,23.8212,1.028147,0.538949,0.086720,22.146028
14000,23.8212,1.028147,0.538949,0.086720,22.716336
15000,23.8212,1.028147,0.538949,0.086720,22.449574
16000,23.8212,1.028147,0.538949,0.086720,22.246872
17000,23.8212,1.028147,0.538949,0.086720,19.914059
18000,23.8212,1.028147,0.538949,0.086720,18.109553
19000,23.8212,1.028147,0.538949,0.086720,19.199560
20000,23.8212,1.028147,0.538949,0.086720,19.261113
21000,23.8212,1.028147,0.538949,0.086720,19.576829
22000,23.8212,1.028147,0.538949,0.086720,19.115487
23000,23.8212,1.028147,0.538949,0.086720,19.742978
24000,23.8212,1.028147,0.538949,0.086720,19.672917
25000,23.8212,1.028147,0.538949,0.086720,19.008052
26000,23.8212,1.028147,0.538949,0.086720,19.077814
27000,23.8212,1.028147,0.538949,0.086720,19.664904
28000,23.8212,1.028147,0.538949,0.086720,19.251812
29000,23.8212,1.028147,0.538949,0.086720,18.578361
30000,23.8212,1.028147,0.538949,0.086720,19.154160
