Cycle,Area(mm^2),PeakDynamic(W),SubthresholdLeakage(W),GateLeakage(W),RunTimeDynamic(W)
1000,8.6440,0.261844,0.058609,0.079322,0.295200
2000,8.6440,0.261844,0.058609,0.079322,0.213435
3000,8.6440,0.261844,0.058609,0.079322,0.213435
4000,8.6440,0.261844,0.058609,0.079322,0.213435
5000,8.6440,0.261844,0.058609,0.079322,0.213435
6000,8.6440,0.261844,0.058609,0.079322,2.799458
7000,8.6440,0.261844,0.058609,0.079322,4.527910
8000,8.6440,0.261844,0.058609,0.079322,4.414163
9000,8.6440,0.261844,0.058609,0.079322,4.544861
10000,8.6440,0.261844,0.058609,0.079322,4.398261
11000,8.6440,0.261844,0.058609,0.079322,4.466998
12000,8.6440,0.261844,0.058609,0.079322,4.538068
13000,8.6440,0.261844,0.058609,0.079322,4.481181
14000,8.6440,0.261844,0.058609,0.079322,4.381948
15000,8.6440,0.261844,0.058609,0.079322,4.619537
16000,8.6440,0.261844,0.058609,0.079322,4.459900
17000,8.6440,0.261844,0.058609,0.079322,4.358335
18000,8.6440,0.261844,0.058609,0.079322,4.433603
19000,8.6440,0.261844,0.058609,0.079322,4.441603
20000,8.6440,0.261844,0.058609,0.079322,4.459689
21000,8.6440,0.261844,0.058609,0.079322,4.302363
22000,8.6440,0.261844,0.058609,0.079322,4.419665
23000,8.6440,0.261844,0.058609,0.079322,4.194204
24000,8.6440,0.261844,0.058609,0.079322,4.273973
25000,8.6440,0.261844,0.058609,0.079322,4.238784
26000,8.6440,0.261844,0.058609,0.079322,4.037481
27000,8.6440,0.261844,0.058609,0.079322,3.457722
