Cycle,Area(mm^2),PeakDynamic(W),SubthresholdLeakage(W),GateLeakage(W),RunTimeDynamic(W)
1000,0.2191,0.065854,0.000377,0.000034,0.039664
2000,0.2191,0.065854,0.000377,0.000034,0.039512
3000,0.2191,0.065854,0.000377,0.000034,0.039512
4000,0.2191,0.065854,0.000377,0.000034,0.039512
5000,0.2191,0.065854,0.000377,0.000034,0.039512
6000,0.2191,0.065854,0.000377,0.000034,0.505104
7000,0.2191,0.065854,0.000377,0.000034,0.766374
8000,0.2191,0.065854,0.000377,0.000034,0.749565
9000,0.2191,0.065854,0.000377,0.000034,0.747606
10000,0.2191,0.065854,0.000377,0.000034,0.757249
11000,0.2191,0.065854,0.000377,0.000034,0.747130
12000,0.2191,0.065854,0.000377,0.000034,0.759651
13000,0.2191,0.065854,0.000377,0.000034,0.769374
14000,0.2191,0.065854,0.000377,0.000034,0.729262
15000,0.2191,0.065854,0.000377,0.000034,0.782900
16000,0.2191,0.065854,0.000377,0.000034,0.758176
17000,0.2191,0.065854,0.000377,0.000034,0.734855
18000,0.2191,0.065854,0.000377,0.000034,0.762297
19000,0.2191,0.065854,0.000377,0.000034,0.750881
20000,0.2191,0.065854,0.000377,0.000034,0.764250
21000,0.2191,0.065854,0.000377,0.000034,0.736973
22000,0.2191,0.065854,0.000377,0.000034,0.749797
23000,0.2191,0.065854,0.000377,0.000034,0.723060
24000,0.2191,0.065854,0.000377,0.000034,0.739537
25000,0.2191,0.065854,0.000377,0.000034,0.733455
26000,0.2191,0.065854,0.000377,0.000034,0.704438
27000,0.2191,0.065854,0.000377,0.000034,0.598831
