Cycle,Area(mm^2),PeakDynamic(W),SubthresholdLeakage(W),GateLeakage(W),RunTimeDynamic(W)
1000,0.7779,0.306348,0.002724,0.000334,0.183809
2000,0.7779,0.306348,0.002724,0.000334,0.183809
3000,0.7779,0.306348,0.002724,0.000334,0.183809
4000,0.7779,0.306348,0.002724,0.000334,0.183809
5000,0.7779,0.306348,0.002724,0.000334,0.183809
6000,0.7779,0.306348,0.002724,0.000334,0.271670
7000,0.7779,0.306348,0.002724,0.000334,0.276389
8000,0.7779,0.306348,0.002724,0.000334,0.304119
9000,0.7779,0.306348,0.002724,0.000334,0.297991
10000,0.7779,0.306348,0.002724,0.000334,0.278150
11000,0.7779,0.306348,0.002724,0.000334,0.294657
12000,0.7779,0.306348,0.002724,0.000334,0.283785
13000,0.7779,0.306348,0.002724,0.000334,0.277986
14000,0.7779,0.306348,0.002724,0.000334,0.282781
15000,0.7779,0.306348,0.002724,0.000334,0.274253
16000,0.7779,0.306348,0.002724,0.000334,0.275450
17000,0.7779,0.306348,0.002724,0.000334,0.274746
18000,0.7779,0.306348,0.002724,0.000334,0.267519
19000,0.7779,0.306348,0.002724,0.000334,0.278479
20000,0.7779,0.306348,0.002724,0.000334,0.274023
21000,0.7779,0.306348,0.002724,0.000334,0.273013
22000,0.7779,0.306348,0.002724,0.000334,0.277775
23000,0.7779,0.306348,0.002724,0.000334,0.281748
24000,0.7779,0.306348,0.002724,0.000334,0.293670
25000,0.7779,0.306348,0.002724,0.000334,0.303490
26000,0.7779,0.306348,0.002724,0.000334,0.307195
27000,0.7779,0.306348,0.002724,0.000334,0.306443
