Cycle,Area(mm^2),PeakDynamic(W),SubthresholdLeakage(W),GateLeakage(W),RunTimeDynamic(W)
1000,23.8212,1.028147,0.538949,0.086720,9.264015
2000,23.8212,1.028147,0.538949,0.086720,9.124054
3000,23.8212,1.028147,0.538949,0.086720,9.124054
4000,23.8212,1.028147,0.538949,0.086720,9.124054
5000,23.8212,1.028147,0.538949,0.086720,9.124054
6000,23.8212,1.028147,0.538949,0.086720,19.591206
7000,23.8212,1.028147,0.538949,0.086720,24.835609
8000,23.8212,1.028147,0.538949,0.086720,23.994174
9000,23.8212,1.028147,0.538949,0.086720,24.881756
10000,23.8212,1.028147,0.538949,0.086720,25.819459
11000,23.8212,1.028147,0.538949,0.086720,23.396966
12000,23.8212,1.028147,0.538949,0.086720,25.456694
13000,23.8212,1.028147,0.538949,0.086720,25.433781
14000,23.8212,1.028147,0.538949,0.086720,24.062294
15000,23.8212,1.028147,0.538949,0.086720,25.794179
16000,23.8212,1.028147,0.538949,0.086720,24.897385
17000,23.8212,1.028147,0.538949,0.086720,24.553924
18000,23.8212,1.028147,0.538949,0.086720,25.081084
19000,23.8212,1.028147,0.538949,0.086720,24.605417
20000,23.8212,1.028147,0.538949,0.086720,25.695526
21000,23.8212,1.028147,0.538949,0.086720,24.301603
22000,23.8212,1.028147,0.538949,0.086720,24.666521
23000,23.8212,1.028147,0.538949,0.086720,24.623612
24000,23.8212,1.028147,0.538949,0.086720,24.198978
25000,23.8212,1.028147,0.538949,0.086720,24.219533
26000,23.8212,1.028147,0.538949,0.086720,24.243418
27000,23.8212,1.028147,0.538949,0.086720,19.088359
