Cycle,Area(mm^2),PeakDynamic(W),SubthresholdLeakage(W),GateLeakage(W),RunTimeDynamic(W)
1000,0.7779,0.306348,0.002724,0.000334,0.184020
2000,0.7779,0.306348,0.002724,0.000334,0.183809
3000,0.7779,0.306348,0.002724,0.000334,0.183809
4000,0.7779,0.306348,0.002724,0.000334,0.183809
5000,0.7779,0.306348,0.002724,0.000334,0.183809
6000,0.7779,0.306348,0.002724,0.000334,0.183832
7000,0.7779,0.306348,0.002724,0.000334,0.183809
8000,0.7779,0.306348,0.002724,0.000334,0.185311
9000,0.7779,0.306348,0.002724,0.000334,0.184865
10000,0.7779,0.306348,0.002724,0.000334,0.185006
11000,0.7779,0.306348,0.002724,0.000334,0.185992
12000,0.7779,0.306348,0.002724,0.000334,0.186153
13000,0.7779,0.306348,0.002724,0.000334,0.187156
14000,0.7779,0.306348,0.002724,0.000334,0.186374
15000,0.7779,0.306348,0.002724,0.000334,0.188797
16000,0.7779,0.306348,0.002724,0.000334,0.187676
17000,0.7779,0.306348,0.002724,0.000334,0.190991
18000,0.7779,0.306348,0.002724,0.000334,0.186700
19000,0.7779,0.306348,0.002724,0.000334,0.189587
20000,0.7779,0.306348,0.002724,0.000334,0.187250
21000,0.7779,0.306348,0.002724,0.000334,0.186178
22000,0.7779,0.306348,0.002724,0.000334,0.184776
23000,0.7779,0.306348,0.002724,0.000334,0.184354
24000,0.7779,0.306348,0.002724,0.000334,0.185378
25000,0.7779,0.306348,0.002724,0.000334,0.184463
26000,0.7779,0.306348,0.002724,0.000334,0.184734
27000,0.7779,0.306348,0.002724,0.000334,0.183879
28000,0.7779,0.306348,0.002724,0.000334,0.184533
29000,0.7779,0.306348,0.002724,0.000334,0.184645
30000,0.7779,0.306348,0.002724,0.000334,0.184495
31000,0.7779,0.306348,0.002724,0.000334,0.183997
32000,0.7779,0.306348,0.002724,0.000334,0.184044
33000,0.7779,0.306348,0.002724,0.000334,0.184077
34000,0.7779,0.306348,0.002724,0.000334,0.184171
35000,0.7779,0.306348,0.002724,0.000334,0.183809
