Cycle,Area(mm^2),PeakDynamic(W),SubthresholdLeakage(W),GateLeakage(W),RunTimeDynamic(W)
1000,8.6440,0.261844,0.058609,0.079322,0.000651
2000,8.6440,0.261844,0.058609,0.079322,0.000000
3000,8.6440,0.261844,0.058609,0.079322,0.000000
4000,8.6440,0.261844,0.058609,0.079322,0.000000
5000,8.6440,0.261844,0.058609,0.079322,0.000000
6000,8.6440,0.261844,0.058609,0.079322,0.082555
7000,8.6440,0.261844,0.058609,0.079322,0.061390
8000,8.6440,0.261844,0.058609,0.079322,0.041370
9000,8.6440,0.261844,0.058609,0.079322,0.065546
10000,8.6440,0.261844,0.058609,0.079322,0.066825
11000,8.6440,0.261844,0.058609,0.079322,0.060700
12000,8.6440,0.261844,0.058609,0.079322,0.076296
13000,8.6440,0.261844,0.058609,0.079322,0.069743
14000,8.6440,0.261844,0.058609,0.079322,0.051222
15000,8.6440,0.261844,0.058609,0.079322,0.078871
16000,8.6440,0.261844,0.058609,0.079322,0.043801
17000,8.6440,0.261844,0.058609,0.079322,0.063028
18000,8.6440,0.261844,0.058609,0.079322,0.042237
19000,8.6440,0.261844,0.058609,0.079322,0.049742
20000,8.6440,0.261844,0.058609,0.079322,0.024191
21000,8.6440,0.261844,0.058609,0.079322,0.022484
22000,8.6440,0.261844,0.058609,0.079322,0.028633
23000,8.6440,0.261844,0.058609,0.079322,0.030075
24000,8.6440,0.261844,0.058609,0.079322,0.021211
