Cycle,Area(mm^2),PeakDynamic(W),SubthresholdLeakage(W),GateLeakage(W),RunTimeDynamic(W)
1000,8.6440,0.261844,0.058609,0.079322,0.178997
2000,8.6440,0.261844,0.058609,0.079322,0.113831
3000,8.6440,0.261844,0.058609,0.079322,0.113831
4000,8.6440,0.261844,0.058609,0.079322,0.113831
5000,8.6440,0.261844,0.058609,0.079322,0.113831
6000,8.6440,0.261844,0.058609,0.079322,0.119654
7000,8.6440,0.261844,0.058609,0.079322,0.115494
8000,8.6440,0.261844,0.058609,0.079322,0.116675
9000,8.6440,0.261844,0.058609,0.079322,0.118807
