Cycle,Area(mm^2),PeakDynamic(W),SubthresholdLeakage(W),GateLeakage(W),RunTimeDynamic(W)
1000,23.8212,1.028147,0.538949,0.086720,8.875948
2000,23.8212,1.028147,0.538949,0.086720,8.825244
3000,23.8212,1.028147,0.538949,0.086720,8.825244
4000,23.8212,1.028147,0.538949,0.086720,8.825244
5000,23.8212,1.028147,0.538949,0.086720,8.825244
6000,23.8212,1.028147,0.538949,0.086720,8.669120
7000,23.8212,1.028147,0.538949,0.086720,8.556741
8000,23.8212,1.028147,0.538949,0.086720,8.561523
9000,23.8212,1.028147,0.538949,0.086720,8.557135
