Cycle,RunTimeDynamic(W)
1000,5.610587
2000,8.483750
3000,8.483750
4000,8.483750
5000,8.483750
