Cycle,Area(mm^2),PeakDynamic(W),SubthresholdLeakage(W),GateLeakage(W),RunTimeDynamic(W)
1000,1.3415,0.039994,0.023482,0.002970,0.378803
2000,1.3415,0.039994,0.023482,0.002970,0.213435
3000,1.3415,0.039994,0.023482,0.002970,0.213435
4000,1.3415,0.039994,0.023482,0.002970,0.213435
5000,1.3415,0.039994,0.023482,0.002970,0.213435
6000,1.3415,0.039994,0.023482,0.002970,0.263252
7000,1.3415,0.039994,0.023482,0.002970,0.403961
8000,1.3415,0.039994,0.023482,0.002970,0.368323
9000,1.3415,0.039994,0.023482,0.002970,0.350698
10000,1.3415,0.039994,0.023482,0.002970,0.358578
11000,1.3415,0.039994,0.023482,0.002970,0.355482
12000,1.3415,0.039994,0.023482,0.002970,0.355509
13000,1.3415,0.039994,0.023482,0.002970,0.354440
14000,1.3415,0.039994,0.023482,0.002970,0.353900
15000,1.3415,0.039994,0.023482,0.002970,0.351339
16000,1.3415,0.039994,0.023482,0.002970,0.359282
17000,1.3415,0.039994,0.023482,0.002970,0.359430
18000,1.3415,0.039994,0.023482,0.002970,0.354081
19000,1.3415,0.039994,0.023482,0.002970,0.353551
20000,1.3415,0.039994,0.023482,0.002970,0.359554
21000,1.3415,0.039994,0.023482,0.002970,0.358141
22000,1.3415,0.039994,0.023482,0.002970,0.343083
23000,1.3415,0.039994,0.023482,0.002970,0.359614
24000,1.3415,0.039994,0.023482,0.002970,0.350816
25000,1.3415,0.039994,0.023482,0.002970,0.357215
26000,1.3415,0.039994,0.023482,0.002970,0.350957
27000,1.3415,0.039994,0.023482,0.002970,0.360107
28000,1.3415,0.039994,0.023482,0.002970,0.360136
29000,1.3415,0.039994,0.023482,0.002970,0.352080
30000,1.3415,0.039994,0.023482,0.002970,0.352366
31000,1.3415,0.039994,0.023482,0.002970,0.347173
32000,1.3415,0.039994,0.023482,0.002970,0.345800
33000,1.3415,0.039994,0.023482,0.002970,0.316796
34000,1.3415,0.039994,0.023482,0.002970,0.321535
35000,1.3415,0.039994,0.023482,0.002970,0.287828
36000,1.3415,0.039994,0.023482,0.002970,0.321812
37000,1.3415,0.039994,0.023482,0.002970,0.182520
