Cycle,Area(mm^2),PeakDynamic(W),SubthresholdLeakage(W),GateLeakage(W),RunTimeDynamic(W)
1000,0.2191,0.065854,0.000377,0.000034,0.039917
2000,0.2191,0.065854,0.000377,0.000034,0.039512
3000,0.2191,0.065854,0.000377,0.000034,0.039512
4000,0.2191,0.065854,0.000377,0.000034,0.039512
5000,0.2191,0.065854,0.000377,0.000034,0.039512
6000,0.2191,0.065854,0.000377,0.000034,0.993611
7000,0.2191,0.065854,0.000377,0.000034,0.856213
8000,0.2191,0.065854,0.000377,0.000034,1.388759
9000,0.2191,0.065854,0.000377,0.000034,1.432313
10000,0.2191,0.065854,0.000377,0.000034,1.444846
11000,0.2191,0.065854,0.000377,0.000034,1.463846
12000,0.2191,0.065854,0.000377,0.000034,1.476683
13000,0.2191,0.065854,0.000377,0.000034,1.478850
14000,0.2191,0.065854,0.000377,0.000034,1.471823
15000,0.2191,0.065854,0.000377,0.000034,1.467345
16000,0.2191,0.065854,0.000377,0.000034,1.492601
17000,0.2191,0.065854,0.000377,0.000034,1.468107
18000,0.2191,0.065854,0.000377,0.000034,1.490219
19000,0.2191,0.065854,0.000377,0.000034,1.480594
20000,0.2191,0.065854,0.000377,0.000034,1.482836
21000,0.2191,0.065854,0.000377,0.000034,1.462632
22000,0.2191,0.065854,0.000377,0.000034,1.470615
23000,0.2191,0.065854,0.000377,0.000034,1.466301
24000,0.2191,0.065854,0.000377,0.000034,1.465716
25000,0.2191,0.065854,0.000377,0.000034,1.474352
26000,0.2191,0.065854,0.000377,0.000034,1.481341
27000,0.2191,0.065854,0.000377,0.000034,1.480818
28000,0.2191,0.065854,0.000377,0.000034,1.478326
29000,0.2191,0.065854,0.000377,0.000034,1.467792
30000,0.2191,0.065854,0.000377,0.000034,1.469273
31000,0.2191,0.065854,0.000377,0.000034,1.449102
32000,0.2191,0.065854,0.000377,0.000034,1.382749
33000,0.2191,0.065854,0.000377,0.000034,1.334251
34000,0.2191,0.065854,0.000377,0.000034,1.329959
35000,0.2191,0.065854,0.000377,0.000034,1.237841
36000,0.2191,0.065854,0.000377,0.000034,1.295683
37000,0.2191,0.065854,0.000377,0.000034,0.903682
