Cycle,Area(mm^2),PeakDynamic(W),SubthresholdLeakage(W),GateLeakage(W),RunTimeDynamic(W)
1000,0.7779,0.306348,0.002724,0.000334,0.183879
2000,0.7779,0.306348,0.002724,0.000334,0.183809
3000,0.7779,0.306348,0.002724,0.000334,0.183809
4000,0.7779,0.306348,0.002724,0.000334,0.183809
5000,0.7779,0.306348,0.002724,0.000334,0.183809
6000,0.7779,0.306348,0.002724,0.000334,0.242508
7000,0.7779,0.306348,0.002724,0.000334,0.207523
8000,0.7779,0.306348,0.002724,0.000334,0.238000
9000,0.7779,0.306348,0.002724,0.000334,0.240747
10000,0.7779,0.306348,0.002724,0.000334,0.244433
11000,0.7779,0.306348,0.002724,0.000334,0.244786
12000,0.7779,0.306348,0.002724,0.000334,0.243729
13000,0.7779,0.306348,0.002724,0.000334,0.246030
14000,0.7779,0.306348,0.002724,0.000334,0.248093
15000,0.7779,0.306348,0.002724,0.000334,0.247955
16000,0.7779,0.306348,0.002724,0.000334,0.245158
17000,0.7779,0.306348,0.002724,0.000334,0.248542
18000,0.7779,0.306348,0.002724,0.000334,0.250139
19000,0.7779,0.306348,0.002724,0.000334,0.249126
20000,0.7779,0.306348,0.002724,0.000334,0.247885
21000,0.7779,0.306348,0.002724,0.000334,0.250139
22000,0.7779,0.306348,0.002724,0.000334,0.252651
23000,0.7779,0.306348,0.002724,0.000334,0.248656
24000,0.7779,0.306348,0.002724,0.000334,0.252272
25000,0.7779,0.306348,0.002724,0.000334,0.251329
26000,0.7779,0.306348,0.002724,0.000334,0.253849
27000,0.7779,0.306348,0.002724,0.000334,0.255911
28000,0.7779,0.306348,0.002724,0.000334,0.257226
29000,0.7779,0.306348,0.002724,0.000334,0.260326
30000,0.7779,0.306348,0.002724,0.000334,0.260940
31000,0.7779,0.306348,0.002724,0.000334,0.264881
32000,0.7779,0.306348,0.002724,0.000334,0.308492
33000,0.7779,0.306348,0.002724,0.000334,0.327927
34000,0.7779,0.306348,0.002724,0.000334,0.359076
35000,0.7779,0.306348,0.002724,0.000334,0.352047
36000,0.7779,0.306348,0.002724,0.000334,0.352114
37000,0.7779,0.306348,0.002724,0.000334,0.313953
