Cycle,Area(mm^2),PeakDynamic(W),SubthresholdLeakage(W),GateLeakage(W),RunTimeDynamic(W)
1000,0.0324,0.013523,0.002678,0.000431,0.001175
2000,0.0324,0.013523,0.002678,0.000431,0.000000
3000,0.0324,0.013523,0.002678,0.000431,0.000000
4000,0.0324,0.013523,0.002678,0.000431,0.000000
5000,0.0324,0.013523,0.002678,0.000431,0.000000
6000,0.0324,0.013523,0.002678,0.000431,1.543263
7000,0.0324,0.013523,0.002678,0.000431,2.225631
8000,0.0324,0.013523,0.002678,0.000431,2.262182
9000,0.0324,0.013523,0.002678,0.000431,2.249254
10000,0.0324,0.013523,0.002678,0.000431,2.231155
11000,0.0324,0.013523,0.002678,0.000431,2.212703
12000,0.0324,0.013523,0.002678,0.000431,2.238794
13000,0.0324,0.013523,0.002678,0.000431,2.223633
14000,0.0324,0.013523,0.002678,0.000431,2.241262
15000,0.0324,0.013523,0.002678,0.000431,2.246199
16000,0.0324,0.013523,0.002678,0.000431,2.247139
17000,0.0324,0.013523,0.002678,0.000431,2.247491
18000,0.0324,0.013523,0.002678,0.000431,2.244671
19000,0.0324,0.013523,0.002678,0.000431,2.235856
20000,0.0324,0.013523,0.002678,0.000431,2.252310
21000,0.0324,0.013523,0.002678,0.000431,2.258774
22000,0.0324,0.013523,0.002678,0.000431,2.243966
23000,0.0324,0.013523,0.002678,0.000431,2.215171
24000,0.0324,0.013523,0.002678,0.000431,2.270409
25000,0.0324,0.013523,0.002678,0.000431,2.251017
26000,0.0324,0.013523,0.002678,0.000431,2.228687
27000,0.0324,0.013523,0.002678,0.000431,2.262418
28000,0.0324,0.013523,0.002678,0.000431,2.276168
29000,0.0324,0.013523,0.002678,0.000431,2.253720
30000,0.0324,0.013523,0.002678,0.000431,2.238324
31000,0.0324,0.013523,0.002678,0.000431,2.227277
32000,0.0324,0.013523,0.002678,0.000431,2.172273
33000,0.0324,0.013523,0.002678,0.000431,2.023248
34000,0.0324,0.013523,0.002678,0.000431,2.026068
35000,0.0324,0.013523,0.002678,0.000431,1.911596
36000,0.0324,0.013523,0.002678,0.000431,1.975884
37000,0.0324,0.013523,0.002678,0.000431,1.597208
