Cycle,Area(mm^2),PeakDynamic(W),SubthresholdLeakage(W),GateLeakage(W),RunTimeDynamic(W)
1000,23.8212,1.028147,0.538949,0.086720,9.405588
2000,23.8212,1.028147,0.538949,0.086720,9.124054
3000,23.8212,1.028147,0.538949,0.086720,9.124054
4000,23.8212,1.028147,0.538949,0.086720,9.124054
5000,23.8212,1.028147,0.538949,0.086720,9.124054
6000,23.8212,1.028147,0.538949,0.086720,23.881765
7000,23.8212,1.028147,0.538949,0.086720,25.238347
8000,23.8212,1.028147,0.538949,0.086720,29.421224
9000,23.8212,1.028147,0.538949,0.086720,29.095205
10000,23.8212,1.028147,0.538949,0.086720,29.786303
11000,23.8212,1.028147,0.538949,0.086720,29.739578
12000,23.8212,1.028147,0.538949,0.086720,29.947576
13000,23.8212,1.028147,0.538949,0.086720,29.925877
14000,23.8212,1.028147,0.538949,0.086720,29.780333
15000,23.8212,1.028147,0.538949,0.086720,29.597935
16000,23.8212,1.028147,0.538949,0.086720,30.241171
17000,23.8212,1.028147,0.538949,0.086720,30.068259
18000,23.8212,1.028147,0.538949,0.086720,29.924326
19000,23.8212,1.028147,0.538949,0.086720,29.904895
20000,23.8212,1.028147,0.538949,0.086720,30.236443
21000,23.8212,1.028147,0.538949,0.086720,29.942824
22000,23.8212,1.028147,0.538949,0.086720,29.176755
23000,23.8212,1.028147,0.538949,0.086720,30.061194
24000,23.8212,1.028147,0.538949,0.086720,29.494732
25000,23.8212,1.028147,0.538949,0.086720,30.018095
26000,23.8212,1.028147,0.538949,0.086720,29.726658
27000,23.8212,1.028147,0.538949,0.086720,30.192359
28000,23.8212,1.028147,0.538949,0.086720,30.141228
29000,23.8212,1.028147,0.538949,0.086720,29.725382
30000,23.8212,1.028147,0.538949,0.086720,29.692661
31000,23.8212,1.028147,0.538949,0.086720,29.281155
32000,23.8212,1.028147,0.538949,0.086720,28.600845
33000,23.8212,1.028147,0.538949,0.086720,26.709123
34000,23.8212,1.028147,0.538949,0.086720,27.010215
35000,23.8212,1.028147,0.538949,0.086720,24.369202
36000,23.8212,1.028147,0.538949,0.086720,26.642104
37000,23.8212,1.028147,0.538949,0.086720,16.333771
