Cycle,Area(mm^2),PeakDynamic(W),SubthresholdLeakage(W),GateLeakage(W),RunTimeDynamic(W)
1000,15.7031,5.502199,0.052647,0.006391,0.560428
2000,15.7031,5.502199,0.052647,0.006391,0.550220
3000,15.7031,5.502199,0.052647,0.006391,0.550220
4000,15.7031,5.502199,0.052647,0.006391,0.550220
5000,15.7031,5.502199,0.052647,0.006391,0.550220
6000,15.7031,5.502199,0.052647,0.006391,8.579343
7000,15.7031,5.502199,0.052647,0.006391,4.219618
8000,15.7031,5.502199,0.052647,0.006391,8.413832
9000,15.7031,5.502199,0.052647,0.006391,8.787039
10000,15.7031,5.502199,0.052647,0.006391,9.248129
11000,15.7031,5.502199,0.052647,0.006391,9.308426
12000,15.7031,5.502199,0.052647,0.006391,9.189652
13000,15.7031,5.502199,0.052647,0.006391,9.478457
14000,15.7031,5.502199,0.052647,0.006391,9.700950
15000,15.7031,5.502199,0.052647,0.006391,9.697673
16000,15.7031,5.502199,0.052647,0.006391,9.370020
17000,15.7031,5.502199,0.052647,0.006391,9.768776
18000,15.7031,5.502199,0.052647,0.006391,9.971318
19000,15.7031,5.502199,0.052647,0.006391,9.844875
20000,15.7031,5.502199,0.052647,0.006391,9.693823
21000,15.7031,5.502199,0.052647,0.006391,9.954630
22000,15.7031,5.502199,0.052647,0.006391,10.252776
23000,15.7031,5.502199,0.052647,0.006391,9.771584
24000,15.7031,5.502199,0.052647,0.006391,10.198854
25000,15.7031,5.502199,0.052647,0.006391,10.086397
26000,15.7031,5.502199,0.052647,0.006391,10.416081
27000,15.7031,5.502199,0.052647,0.006391,10.647348
28000,15.7031,5.502199,0.052647,0.006391,10.813320
29000,15.7031,5.502199,0.052647,0.006391,11.163291
30000,15.7031,5.502199,0.052647,0.006391,11.255555
31000,15.7031,5.502199,0.052647,0.006391,11.689997
32000,15.7031,5.502199,0.052647,0.006391,14.141820
33000,15.7031,5.502199,0.052647,0.006391,14.704572
34000,15.7031,5.502199,0.052647,0.006391,17.082825
35000,15.7031,5.502199,0.052647,0.006391,16.218834
36000,15.7031,5.502199,0.052647,0.006391,16.306544
37000,15.7031,5.502199,0.052647,0.006391,12.568164
