Cycle,Area(mm^2),PeakDynamic(W),SubthresholdLeakage(W),GateLeakage(W),RunTimeDynamic(W)
1000,8.6440,0.261844,0.058609,0.079322,0.023356
2000,8.6440,0.261844,0.058609,0.079322,0.014229
3000,8.6440,0.261844,0.058609,0.079322,0.014229
4000,8.6440,0.261844,0.058609,0.079322,0.014229
5000,8.6440,0.261844,0.058609,0.079322,0.014229
6000,8.6440,0.261844,0.058609,0.079322,0.117426
7000,8.6440,0.261844,0.058609,0.079322,0.068087
8000,8.6440,0.261844,0.058609,0.079322,0.056879
9000,8.6440,0.261844,0.058609,0.079322,0.039663
10000,8.6440,0.261844,0.058609,0.079322,0.056018
11000,8.6440,0.261844,0.058609,0.079322,0.103695
12000,8.6440,0.261844,0.058609,0.079322,0.113777
13000,8.6440,0.261844,0.058609,0.079322,0.076987
14000,8.6440,0.261844,0.058609,0.079322,0.115115
15000,8.6440,0.261844,0.058609,0.079322,0.127098
16000,8.6440,0.261844,0.058609,0.079322,0.076439
17000,8.6440,0.261844,0.058609,0.079322,0.080952
18000,8.6440,0.261844,0.058609,0.079322,0.086981
19000,8.6440,0.261844,0.058609,0.079322,0.088341
20000,8.6440,0.261844,0.058609,0.079322,0.082310
21000,8.6440,0.261844,0.058609,0.079322,0.061802
22000,8.6440,0.261844,0.058609,0.079322,0.061796
23000,8.6440,0.261844,0.058609,0.079322,0.052420
24000,8.6440,0.261844,0.058609,0.079322,0.065685
25000,8.6440,0.261844,0.058609,0.079322,0.044761
26000,8.6440,0.261844,0.058609,0.079322,0.047389
27000,8.6440,0.261844,0.058609,0.079322,0.037129
28000,8.6440,0.261844,0.058609,0.079322,0.039032
29000,8.6440,0.261844,0.058609,0.079322,0.029265
30000,8.6440,0.261844,0.058609,0.079322,0.023058
31000,8.6440,0.261844,0.058609,0.079322,0.021954
32000,8.6440,0.261844,0.058609,0.079322,0.023532
33000,8.6440,0.261844,0.058609,0.079322,0.026764
34000,8.6440,0.261844,0.058609,0.079322,0.021637
35000,8.6440,0.261844,0.058609,0.079322,0.018750
36000,8.6440,0.261844,0.058609,0.079322,0.016712
37000,8.6440,0.261844,0.058609,0.079322,0.016663
38000,8.6440,0.261844,0.058609,0.079322,0.016425
39000,8.6440,0.261844,0.058609,0.079322,0.016994
40000,8.6440,0.261844,0.058609,0.079322,0.018434
41000,8.6440,0.261844,0.058609,0.079322,0.016663
42000,8.6440,0.261844,0.058609,0.079322,0.017325
