Cycle,Area(mm^2),PeakDynamic(W),SubthresholdLeakage(W),GateLeakage(W),RunTimeDynamic(W)
1000,8.6440,0.261844,0.058609,0.079322,0.018186
2000,8.6440,0.261844,0.058609,0.079322,0.014229
3000,8.6440,0.261844,0.058609,0.079322,0.014229
4000,8.6440,0.261844,0.058609,0.079322,0.014229
5000,8.6440,0.261844,0.058609,0.079322,0.014229
