Cycle,Area(mm^2),PeakDynamic(W),SubthresholdLeakage(W),GateLeakage(W),RunTimeDynamic(W)
1000,0.2191,0.065854,0.000377,0.000034,0.039512
2000,0.2191,0.065854,0.000377,0.000034,0.039512
3000,0.2191,0.065854,0.000377,0.000034,0.039512
4000,0.2191,0.065854,0.000377,0.000034,0.039512
5000,0.2191,0.065854,0.000377,0.000034,0.039512
6000,0.2191,0.065854,0.000377,0.000034,0.190305
7000,0.2191,0.065854,0.000377,0.000034,0.192976
8000,0.2191,0.065854,0.000377,0.000034,0.231251
9000,0.2191,0.065854,0.000377,0.000034,0.123140
10000,0.2191,0.065854,0.000377,0.000034,0.167090
11000,0.2191,0.065854,0.000377,0.000034,0.150056
12000,0.2191,0.065854,0.000377,0.000034,0.169817
13000,0.2191,0.065854,0.000377,0.000034,0.168722
14000,0.2191,0.065854,0.000377,0.000034,0.188628
15000,0.2191,0.065854,0.000377,0.000034,0.172405
16000,0.2191,0.065854,0.000377,0.000034,0.176153
17000,0.2191,0.065854,0.000377,0.000034,0.157024
18000,0.2191,0.065854,0.000377,0.000034,0.142348
19000,0.2191,0.065854,0.000377,0.000034,0.124556
20000,0.2191,0.065854,0.000377,0.000034,0.126412
21000,0.2191,0.065854,0.000377,0.000034,0.109552
22000,0.2191,0.065854,0.000377,0.000034,0.103749
23000,0.2191,0.065854,0.000377,0.000034,0.096702
24000,0.2191,0.065854,0.000377,0.000034,0.081763
25000,0.2191,0.065854,0.000377,0.000034,0.077420
26000,0.2191,0.065854,0.000377,0.000034,0.075671
27000,0.2191,0.065854,0.000377,0.000034,0.068487
28000,0.2191,0.065854,0.000377,0.000034,0.064898
29000,0.2191,0.065854,0.000377,0.000034,0.049707
30000,0.2191,0.065854,0.000377,0.000034,0.046612
31000,0.2191,0.065854,0.000377,0.000034,0.043061
32000,0.2191,0.065854,0.000377,0.000034,0.045195
33000,0.2191,0.065854,0.000377,0.000034,0.042369
34000,0.2191,0.065854,0.000377,0.000034,0.041210
35000,0.2191,0.065854,0.000377,0.000034,0.039888
36000,0.2191,0.065854,0.000377,0.000034,0.039888
37000,0.2191,0.065854,0.000377,0.000034,0.040184
38000,0.2191,0.065854,0.000377,0.000034,0.039888
39000,0.2191,0.065854,0.000377,0.000034,0.040068
40000,0.2191,0.065854,0.000377,0.000034,0.039888
41000,0.2191,0.065854,0.000377,0.000034,0.039888
42000,0.2191,0.065854,0.000377,0.000034,0.039888
43000,0.2191,0.065854,0.000377,0.000034,0.039888
44000,0.2191,0.065854,0.000377,0.000034,0.039888
