Cycle,Area(mm^2),PeakDynamic(W),SubthresholdLeakage(W),GateLeakage(W),RunTimeDynamic(W)
1000,8.6440,0.261844,0.058609,0.079322,0.261351
2000,8.6440,0.261844,0.058609,0.079322,0.213435
3000,8.6440,0.261844,0.058609,0.079322,0.213435
4000,8.6440,0.261844,0.058609,0.079322,0.213435
5000,8.6440,0.261844,0.058609,0.079322,0.213435
6000,8.6440,0.261844,0.058609,0.079322,4.684040
7000,8.6440,0.261844,0.058609,0.079322,6.016637
8000,8.6440,0.261844,0.058609,0.079322,7.336645
9000,8.6440,0.261844,0.058609,0.079322,7.371602
10000,8.6440,0.261844,0.058609,0.079322,7.671772
11000,8.6440,0.261844,0.058609,0.079322,7.516434
12000,8.6440,0.261844,0.058609,0.079322,7.810151
13000,8.6440,0.261844,0.058609,0.079322,7.639040
14000,8.6440,0.261844,0.058609,0.079322,7.444970
15000,8.6440,0.261844,0.058609,0.079322,7.846907
16000,8.6440,0.261844,0.058609,0.079322,7.803041
17000,8.6440,0.261844,0.058609,0.079322,7.666230
18000,8.6440,0.261844,0.058609,0.079322,7.568588
19000,8.6440,0.261844,0.058609,0.079322,7.592092
20000,8.6440,0.261844,0.058609,0.079322,7.642465
21000,8.6440,0.261844,0.058609,0.079322,7.615537
22000,8.6440,0.261844,0.058609,0.079322,7.568028
23000,8.6440,0.261844,0.058609,0.079322,7.459762
24000,8.6440,0.261844,0.058609,0.079322,7.651910
25000,8.6440,0.261844,0.058609,0.079322,7.546718
26000,8.6440,0.261844,0.058609,0.079322,7.498205
27000,8.6440,0.261844,0.058609,0.079322,7.667962
28000,8.6440,0.261844,0.058609,0.079322,7.560969
29000,8.6440,0.261844,0.058609,0.079322,7.383255
30000,8.6440,0.261844,0.058609,0.079322,7.329842
31000,8.6440,0.261844,0.058609,0.079322,7.154656
32000,8.6440,0.261844,0.058609,0.079322,6.323950
33000,8.6440,0.261844,0.058609,0.079322,6.964363
34000,8.6440,0.261844,0.058609,0.079322,6.860164
35000,8.6440,0.261844,0.058609,0.079322,6.456607
