Cycle,Area(mm^2),PeakDynamic(W),SubthresholdLeakage(W),GateLeakage(W),RunTimeDynamic(W)
1000,0.7779,0.306348,0.002724,0.000334,0.183809
2000,0.7779,0.306348,0.002724,0.000334,0.183809
3000,0.7779,0.306348,0.002724,0.000334,0.183809
4000,0.7779,0.306348,0.002724,0.000334,0.183809
5000,0.7779,0.306348,0.002724,0.000334,0.183809
6000,0.7779,0.306348,0.002724,0.000334,0.270398
7000,0.7779,0.306348,0.002724,0.000334,0.242884
8000,0.7779,0.306348,0.002724,0.000334,0.265468
9000,0.7779,0.306348,0.002724,0.000334,0.264317
10000,0.7779,0.306348,0.002724,0.000334,0.265424
11000,0.7779,0.306348,0.002724,0.000334,0.264200
12000,0.7779,0.306348,0.002724,0.000334,0.259813
13000,0.7779,0.306348,0.002724,0.000334,0.262137
14000,0.7779,0.306348,0.002724,0.000334,0.258565
15000,0.7779,0.306348,0.002724,0.000334,0.257277
16000,0.7779,0.306348,0.002724,0.000334,0.257887
17000,0.7779,0.306348,0.002724,0.000334,0.254194
18000,0.7779,0.306348,0.002724,0.000334,0.252742
19000,0.7779,0.306348,0.002724,0.000334,0.250538
20000,0.7779,0.306348,0.002724,0.000334,0.247479
21000,0.7779,0.306348,0.002724,0.000334,0.251994
22000,0.7779,0.306348,0.002724,0.000334,0.249783
23000,0.7779,0.306348,0.002724,0.000334,0.250816
24000,0.7779,0.306348,0.002724,0.000334,0.245671
25000,0.7779,0.306348,0.002724,0.000334,0.250414
26000,0.7779,0.306348,0.002724,0.000334,0.250625
27000,0.7779,0.306348,0.002724,0.000334,0.251071
28000,0.7779,0.306348,0.002724,0.000334,0.251994
29000,0.7779,0.306348,0.002724,0.000334,0.259500
30000,0.7779,0.306348,0.002724,0.000334,0.260929
31000,0.7779,0.306348,0.002724,0.000334,0.303104
32000,0.7779,0.306348,0.002724,0.000334,0.335476
33000,0.7779,0.306348,0.002724,0.000334,0.349638
34000,0.7779,0.306348,0.002724,0.000334,0.356090
35000,0.7779,0.306348,0.002724,0.000334,0.353917
