Cycle,RunTimeDynamic(W)
1000,8.264303
2000,8.483750
3000,8.483750
4000,8.483750
5000,8.483750
6000,7.071206
7000,7.069792
