Cycle,Area(mm^2),PeakPower(W),TotalLeakage(W),PeakDynamic(W),SubthresholdLeakage(W),GateLeakage(W),RunTimeDynamic(W)
1000,40.6137,7.425191,0.693847,6.731343,0.599781,0.094066,11.886491
2000,40.6137,7.425191,0.693847,6.731343,0.599781,0.094066,10.741451
3000,40.6137,7.425191,0.693847,6.731343,0.599781,0.094066,10.741451
4000,40.6137,7.425191,0.693847,6.731343,0.599781,0.094066,10.741451
5000,40.6137,7.425191,0.693847,6.731343,0.599781,0.094066,10.741451
6000,40.6137,7.425191,0.693847,6.731343,0.599781,0.094066,10.578273
7000,40.6137,7.425191,0.693847,6.731343,0.599781,0.094066,9.615895
