Cycle,Area(mm^2),PeakDynamic(W),SubthresholdLeakage(W),GateLeakage(W),RunTimeDynamic(W)
1000,1.3415,0.039994,0.023482,0.002970,0.262788
2000,1.3415,0.039994,0.023482,0.002970,0.184974
3000,1.3415,0.039994,0.023482,0.002970,0.184974
4000,1.3415,0.039994,0.023482,0.002970,0.184974
5000,1.3415,0.039994,0.023482,0.002970,0.184974
6000,1.3415,0.039994,0.023482,0.002970,0.181028
7000,1.3415,0.039994,0.023482,0.002970,0.178148
8000,1.3415,0.039994,0.023482,0.002970,0.178652
9000,1.3415,0.039994,0.023482,0.002970,0.178096
10000,1.3415,0.039994,0.023482,0.002970,0.178119
11000,1.3415,0.039994,0.023482,0.002970,0.178043
12000,1.3415,0.039994,0.023482,0.002970,0.178224
13000,1.3415,0.039994,0.023482,0.002970,0.178294
