Cycle,Area(mm^2),PeakDynamic(W),SubthresholdLeakage(W),GateLeakage(W),RunTimeDynamic(W)
1000,0.2191,0.065854,0.000377,0.000034,0.039808
2000,0.2191,0.065854,0.000377,0.000034,0.039512
3000,0.2191,0.065854,0.000377,0.000034,0.039512
4000,0.2191,0.065854,0.000377,0.000034,0.039512
5000,0.2191,0.065854,0.000377,0.000034,0.039512
6000,0.2191,0.065854,0.000377,0.000034,0.039996
7000,0.2191,0.065854,0.000377,0.000034,0.040157
8000,0.2191,0.065854,0.000377,0.000034,0.040337
9000,0.2191,0.065854,0.000377,0.000034,0.041102
10000,0.2191,0.065854,0.000377,0.000034,0.040472
11000,0.2191,0.065854,0.000377,0.000034,0.040588
12000,0.2191,0.065854,0.000377,0.000034,0.040184
13000,0.2191,0.065854,0.000377,0.000034,0.041130
