Cycle,Area(mm^2),PeakDynamic(W),SubthresholdLeakage(W),GateLeakage(W),RunTimeDynamic(W)
1000,23.8212,1.028147,0.538949,0.086720,7.329794
2000,23.8212,1.028147,0.538949,0.086720,8.569123
3000,23.8212,1.028147,0.538949,0.086720,8.569123
4000,23.8212,1.028147,0.538949,0.086720,8.569123
5000,23.8212,1.028147,0.538949,0.086720,8.569123
6000,23.8212,1.028147,0.538949,0.086720,18.540586
7000,23.8212,1.028147,0.538949,0.086720,16.877939
8000,23.8212,1.028147,0.538949,0.086720,18.331560
9000,23.8212,1.028147,0.538949,0.086720,11.387808
10000,23.8212,1.028147,0.538949,0.086720,15.179680
11000,23.8212,1.028147,0.538949,0.086720,17.376454
12000,23.8212,1.028147,0.538949,0.086720,18.057706
13000,23.8212,1.028147,0.538949,0.086720,18.354442
14000,23.8212,1.028147,0.538949,0.086720,13.732766
15000,23.8212,1.028147,0.538949,0.086720,14.215557
16000,23.8212,1.028147,0.538949,0.086720,15.793498
17000,23.8212,1.028147,0.538949,0.086720,18.238443
18000,23.8212,1.028147,0.538949,0.086720,17.803994
19000,23.8212,1.028147,0.538949,0.086720,16.931930
20000,23.8212,1.028147,0.538949,0.086720,13.357291
21000,23.8212,1.028147,0.538949,0.086720,15.346693
22000,23.8212,1.028147,0.538949,0.086720,16.816437
23000,23.8212,1.028147,0.538949,0.086720,18.389921
24000,23.8212,1.028147,0.538949,0.086720,18.497034
25000,23.8212,1.028147,0.538949,0.086720,18.514474
26000,23.8212,1.028147,0.538949,0.086720,17.096309
27000,23.8212,1.028147,0.538949,0.086720,16.011689
28000,23.8212,1.028147,0.538949,0.086720,16.472441
29000,23.8212,1.028147,0.538949,0.086720,17.723381
30000,23.8212,1.028147,0.538949,0.086720,17.514605
31000,23.8212,1.028147,0.538949,0.086720,18.451974
32000,23.8212,1.028147,0.538949,0.086720,19.262975
33000,23.8212,1.028147,0.538949,0.086720,18.950170
34000,23.8212,1.028147,0.538949,0.086720,18.772710
35000,23.8212,1.028147,0.538949,0.086720,18.535420
36000,23.8212,1.028147,0.538949,0.086720,16.347692
37000,23.8212,1.028147,0.538949,0.086720,16.909983
38000,23.8212,1.028147,0.538949,0.086720,17.121870
39000,23.8212,1.028147,0.538949,0.086720,17.323807
40000,23.8212,1.028147,0.538949,0.086720,13.638580
41000,23.8212,1.028147,0.538949,0.086720,8.218217
42000,23.8212,1.028147,0.538949,0.086720,8.154003
43000,23.8212,1.028147,0.538949,0.086720,8.152384
44000,23.8212,1.028147,0.538949,0.086720,8.421060
