Cycle,RunTimeDynamic(W)
2000000,0.000000
2001000,0.000000
2002000,0.000000
2003000,0.000000
2004000,0.000000
2005000,0.000000
2006000,0.000000
2007000,0.000000
2008000,0.000000
2009000,0.000000
2010000,0.000000
2011000,0.000000
2012000,0.000000
2013000,0.000000
2014000,0.000000
2015000,0.000000
