Cycle,Area(mm^2),PeakDynamic(W),SubthresholdLeakage(W),GateLeakage(W),RunTimeDynamic(W)
2000000,0.7779,0.306348,0.002724,0.000334,0.334458
2001000,0.7779,0.306348,0.002724,0.000334,0.333832
2002000,0.7779,0.306348,0.002724,0.000334,0.324534
2003000,0.7779,0.306348,0.002724,0.000334,0.327494
2004000,0.7779,0.306348,0.002724,0.000334,0.324573
2005000,0.7779,0.306348,0.002724,0.000334,0.320581
2006000,0.7779,0.306348,0.002724,0.000334,0.319668
2007000,0.7779,0.306348,0.002724,0.000334,0.323469
2008000,0.7779,0.306348,0.002724,0.000334,0.338443
2009000,0.7779,0.306348,0.002724,0.000334,0.337445
2010000,0.7779,0.306348,0.002724,0.000334,0.339519
2011000,0.7779,0.306348,0.002724,0.000334,0.339822
2012000,0.7779,0.306348,0.002724,0.000334,0.341709
2013000,0.7779,0.306348,0.002724,0.000334,0.341193
2014000,0.7779,0.306348,0.002724,0.000334,0.345091
2015000,0.7779,0.306348,0.002724,0.000334,0.335430
