Cycle,Area(mm^2),PeakDynamic(W),SubthresholdLeakage(W),GateLeakage(W),RunTimeDynamic(W)
2000000,0.2191,0.065854,0.000377,0.000034,0.431554
2001000,0.2191,0.065854,0.000377,0.000034,0.532078
2002000,0.2191,0.065854,0.000377,0.000034,0.443245
2003000,0.2191,0.065854,0.000377,0.000034,0.418060
2004000,0.2191,0.065854,0.000377,0.000034,0.489737
2005000,0.2191,0.065854,0.000377,0.000034,0.398639
2006000,0.2191,0.065854,0.000377,0.000034,0.423130
2007000,0.2191,0.065854,0.000377,0.000034,0.513992
2008000,0.2191,0.065854,0.000377,0.000034,0.455525
2009000,0.2191,0.065854,0.000377,0.000034,0.562837
2010000,0.2191,0.065854,0.000377,0.000034,0.540828
2011000,0.2191,0.065854,0.000377,0.000034,0.500263
2012000,0.2191,0.065854,0.000377,0.000034,0.450609
2013000,0.2191,0.065854,0.000377,0.000034,0.499542
2014000,0.2191,0.065854,0.000377,0.000034,0.514727
2015000,0.2191,0.065854,0.000377,0.000034,0.520518
