Cycle,Area(mm^2),PeakDynamic(W),SubthresholdLeakage(W),GateLeakage(W),RunTimeDynamic(W)
1000,23.8212,1.028147,0.538949,0.086720,8.668412
2000,23.8212,1.028147,0.538949,0.086720,8.718529
3000,23.8212,1.028147,0.538949,0.086720,8.718529
4000,23.8212,1.028147,0.538949,0.086720,8.718529
5000,23.8212,1.028147,0.538949,0.086720,8.718529
6000,23.8212,1.028147,0.538949,0.086720,15.354019
7000,23.8212,1.028147,0.538949,0.086720,20.882761
8000,23.8212,1.028147,0.538949,0.086720,23.221106
9000,23.8212,1.028147,0.538949,0.086720,22.225424
10000,23.8212,1.028147,0.538949,0.086720,21.353548
11000,23.8212,1.028147,0.538949,0.086720,22.823854
12000,23.8212,1.028147,0.538949,0.086720,22.499413
13000,23.8212,1.028147,0.538949,0.086720,21.944367
14000,23.8212,1.028147,0.538949,0.086720,22.690761
15000,23.8212,1.028147,0.538949,0.086720,22.368532
16000,23.8212,1.028147,0.538949,0.086720,22.190110
17000,23.8212,1.028147,0.538949,0.086720,19.838435
18000,23.8212,1.028147,0.538949,0.086720,18.302305
19000,23.8212,1.028147,0.538949,0.086720,19.415274
20000,23.8212,1.028147,0.538949,0.086720,19.087512
21000,23.8212,1.028147,0.538949,0.086720,19.622163
22000,23.8212,1.028147,0.538949,0.086720,18.898231
23000,23.8212,1.028147,0.538949,0.086720,19.532973
24000,23.8212,1.028147,0.538949,0.086720,19.751125
25000,23.8212,1.028147,0.538949,0.086720,19.113354
26000,23.8212,1.028147,0.538949,0.086720,18.971508
27000,23.8212,1.028147,0.538949,0.086720,19.312343
28000,23.8212,1.028147,0.538949,0.086720,19.367264
29000,23.8212,1.028147,0.538949,0.086720,18.235981
30000,23.8212,1.028147,0.538949,0.086720,19.111288
