Cycle,Area(mm^2),PeakDynamic(W),SubthresholdLeakage(W),GateLeakage(W),RunTimeDynamic(W)
1000,0.0324,0.013523,0.002678,0.000431,0.001058
2000,0.0324,0.013523,0.002678,0.000431,0.000000
3000,0.0324,0.013523,0.002678,0.000431,0.000000
4000,0.0324,0.013523,0.002678,0.000431,0.000000
5000,0.0324,0.013523,0.002678,0.000431,0.000000
6000,0.0324,0.013523,0.002678,0.000431,0.962086
7000,0.0324,0.013523,0.002678,0.000431,1.264956
8000,0.0324,0.013523,0.002678,0.000431,1.424089
9000,0.0324,0.013523,0.002678,0.000431,1.465224
10000,0.0324,0.013523,0.002678,0.000431,1.474274
11000,0.0324,0.013523,0.002678,0.000431,1.453471
12000,0.0324,0.013523,0.002678,0.000431,1.478740
13000,0.0324,0.013523,0.002678,0.000431,1.472628
14000,0.0324,0.013523,0.002678,0.000431,1.493548
15000,0.0324,0.013523,0.002678,0.000431,1.473216
16000,0.0324,0.013523,0.002678,0.000431,1.476154
17000,0.0324,0.013523,0.002678,0.000431,1.294808
18000,0.0324,0.013523,0.002678,0.000431,1.216182
19000,0.0324,0.013523,0.002678,0.000431,1.305503
20000,0.0324,0.013523,0.002678,0.000431,1.274946
21000,0.0324,0.013523,0.002678,0.000431,1.265426
22000,0.0324,0.013523,0.002678,0.000431,1.256611
23000,0.0324,0.013523,0.002678,0.000431,1.276709
24000,0.0324,0.013523,0.002678,0.000431,1.296806
25000,0.0324,0.013523,0.002678,0.000431,1.248267
26000,0.0324,0.013523,0.002678,0.000431,1.247444
27000,0.0324,0.013523,0.002678,0.000431,1.289872
28000,0.0324,0.013523,0.002678,0.000431,1.237807
29000,0.0324,0.013523,0.002678,0.000431,1.246034
30000,0.0324,0.013523,0.002678,0.000431,1.235691
