Cycle,Area(mm^2),PeakPower(W),TotalLeakage(W),PeakDynamic(W),SubthresholdLeakage(W),GateLeakage(W),RunTimeDynamic(W)
1000,40.6137,7.425191,0.693847,6.731343,0.599781,0.094066,9.494752
2000,40.6137,7.425191,0.693847,6.731343,0.599781,0.094066,9.396812
3000,40.6137,7.425191,0.693847,6.731343,0.599781,0.094066,9.396812
4000,40.6137,7.425191,0.693847,6.731343,0.599781,0.094066,9.396812
5000,40.6137,7.425191,0.693847,6.731343,0.599781,0.094066,9.396812
