Cycle,Area(mm^2),PeakDynamic(W),SubthresholdLeakage(W),GateLeakage(W),RunTimeDynamic(W)
1000,15.7031,5.502199,0.052647,0.006391,0.553646
2000,15.7031,5.502199,0.052647,0.006391,0.550220
3000,15.7031,5.502199,0.052647,0.006391,0.550220
4000,15.7031,5.502199,0.052647,0.006391,0.550220
5000,15.7031,5.502199,0.052647,0.006391,0.550220
6000,15.7031,5.502199,0.052647,0.006391,11.304761
7000,15.7031,5.502199,0.052647,0.006391,16.539808
8000,15.7031,5.502199,0.052647,0.006391,20.202701
9000,15.7031,5.502199,0.052647,0.006391,19.999144
10000,15.7031,5.502199,0.052647,0.006391,20.354862
11000,15.7031,5.502199,0.052647,0.006391,18.955612
12000,15.7031,5.502199,0.052647,0.006391,19.987279
13000,15.7031,5.502199,0.052647,0.006391,20.491204
14000,15.7031,5.502199,0.052647,0.006391,19.992236
15000,15.7031,5.502199,0.052647,0.006391,19.854481
16000,15.7031,5.502199,0.052647,0.006391,20.063724
17000,15.7031,5.502199,0.052647,0.006391,20.023777
18000,15.7031,5.502199,0.052647,0.006391,19.169294
19000,15.7031,5.502199,0.052647,0.006391,18.440442
20000,15.7031,5.502199,0.052647,0.006391,19.870051
21000,15.7031,5.502199,0.052647,0.006391,18.886552
22000,15.7031,5.502199,0.052647,0.006391,18.932871
23000,15.7031,5.502199,0.052647,0.006391,18.503582
