Cycle,Area(mm^2),PeakDynamic(W),SubthresholdLeakage(W),GateLeakage(W),RunTimeDynamic(W)
1000,23.8212,1.028147,0.538949,0.086720,8.530120
2000,23.8212,1.028147,0.538949,0.086720,8.569123
3000,23.8212,1.028147,0.538949,0.086720,8.569123
4000,23.8212,1.028147,0.538949,0.086720,8.569123
5000,23.8212,1.028147,0.538949,0.086720,8.569123
6000,23.8212,1.028147,0.538949,0.086720,8.435251
7000,23.8212,1.028147,0.538949,0.086720,8.304096
8000,23.8212,1.028147,0.538949,0.086720,8.304889
9000,23.8212,1.028147,0.538949,0.086720,8.275985
10000,23.8212,1.028147,0.538949,0.086720,8.290530
11000,23.8212,1.028147,0.538949,0.086720,8.282497
12000,23.8212,1.028147,0.538949,0.086720,8.280344
13000,23.8212,1.028147,0.538949,0.086720,8.275476
14000,23.8212,1.028147,0.538949,0.086720,8.281196
15000,23.8212,1.028147,0.538949,0.086720,8.277378
16000,23.8212,1.028147,0.538949,0.086720,8.280399
17000,23.8212,1.028147,0.538949,0.086720,8.275631
18000,23.8212,1.028147,0.538949,0.086720,8.280763
19000,23.8212,1.028147,0.538949,0.086720,8.287221
20000,23.8212,1.028147,0.538949,0.086720,8.278749
21000,23.8212,1.028147,0.538949,0.086720,8.307586
