Cycle,Area(mm^2),PeakDynamic(W),SubthresholdLeakage(W),GateLeakage(W),RunTimeDynamic(W)
1000,0.2191,0.065854,0.000377,0.000034,0.039591
2000,0.2191,0.065854,0.000377,0.000034,0.039512
3000,0.2191,0.065854,0.000377,0.000034,0.039512
4000,0.2191,0.065854,0.000377,0.000034,0.039512
5000,0.2191,0.065854,0.000377,0.000034,0.039512
6000,0.2191,0.065854,0.000377,0.000034,0.062318
7000,0.2191,0.065854,0.000377,0.000034,0.069426
8000,0.2191,0.065854,0.000377,0.000034,0.048795
9000,0.2191,0.065854,0.000377,0.000034,0.061093
10000,0.2191,0.065854,0.000377,0.000034,0.052089
11000,0.2191,0.065854,0.000377,0.000034,0.056342
12000,0.2191,0.065854,0.000377,0.000034,0.056356
13000,0.2191,0.065854,0.000377,0.000034,0.058522
14000,0.2191,0.065854,0.000377,0.000034,0.060690
15000,0.2191,0.065854,0.000377,0.000034,0.061498
16000,0.2191,0.065854,0.000377,0.000034,0.054927
17000,0.2191,0.065854,0.000377,0.000034,0.053014
18000,0.2191,0.065854,0.000377,0.000034,0.052192
19000,0.2191,0.065854,0.000377,0.000034,0.049934
20000,0.2191,0.065854,0.000377,0.000034,0.047417
21000,0.2191,0.065854,0.000377,0.000034,0.048401
22000,0.2191,0.065854,0.000377,0.000034,0.044502
23000,0.2191,0.065854,0.000377,0.000034,0.043968
24000,0.2191,0.065854,0.000377,0.000034,0.045559
25000,0.2191,0.065854,0.000377,0.000034,0.043005
