Cycle,Area(mm^2),PeakDynamic(W),SubthresholdLeakage(W),GateLeakage(W),RunTimeDynamic(W)
1000,23.8212,1.028147,0.538949,0.086720,8.800738
2000,23.8212,1.028147,0.538949,0.086720,8.782560
3000,23.8212,1.028147,0.538949,0.086720,8.782560
4000,23.8212,1.028147,0.538949,0.086720,8.782560
5000,23.8212,1.028147,0.538949,0.086720,8.782560
6000,23.8212,1.028147,0.538949,0.086720,8.841762
7000,23.8212,1.028147,0.538949,0.086720,8.814624
8000,23.8212,1.028147,0.538949,0.086720,8.614107
9000,23.8212,1.028147,0.538949,0.086720,8.769658
10000,23.8212,1.028147,0.538949,0.086720,8.719911
11000,23.8212,1.028147,0.538949,0.086720,8.713519
12000,23.8212,1.028147,0.538949,0.086720,8.704483
13000,23.8212,1.028147,0.538949,0.086720,8.705541
14000,23.8212,1.028147,0.538949,0.086720,8.730138
15000,23.8212,1.028147,0.538949,0.086720,8.765553
16000,23.8212,1.028147,0.538949,0.086720,8.705802
17000,23.8212,1.028147,0.538949,0.086720,8.676040
18000,23.8212,1.028147,0.538949,0.086720,8.672323
19000,23.8212,1.028147,0.538949,0.086720,8.649563
20000,23.8212,1.028147,0.538949,0.086720,8.621489
21000,23.8212,1.028147,0.538949,0.086720,8.633401
22000,23.8212,1.028147,0.538949,0.086720,8.583212
23000,23.8212,1.028147,0.538949,0.086720,8.565141
24000,23.8212,1.028147,0.538949,0.086720,8.606411
25000,23.8212,1.028147,0.538949,0.086720,8.567673
