Cycle,Area(mm^2),PeakDynamic(W),SubthresholdLeakage(W),GateLeakage(W),RunTimeDynamic(W)
1000,1.6202,0.544831,0.005673,0.000697,0.326946
2000,1.6202,0.544831,0.005673,0.000697,0.326899
3000,1.6202,0.544831,0.005673,0.000697,0.326899
4000,1.6202,0.544831,0.005673,0.000697,0.326899
5000,1.6202,0.544831,0.005673,0.000697,0.326899
6000,1.6202,0.544831,0.005673,0.000697,0.499824
7000,1.6202,0.544831,0.005673,0.000697,0.514716
8000,1.6202,0.544831,0.005673,0.000697,0.523454
9000,1.6202,0.544831,0.005673,0.000697,0.563526
10000,1.6202,0.544831,0.005673,0.000697,0.569164
11000,1.6202,0.544831,0.005673,0.000697,0.554366
12000,1.6202,0.544831,0.005673,0.000697,0.569680
13000,1.6202,0.544831,0.005673,0.000697,0.562023
14000,1.6202,0.544831,0.005673,0.000697,0.555325
15000,1.6202,0.544831,0.005673,0.000697,0.555090
16000,1.6202,0.544831,0.005673,0.000697,0.576643
17000,1.6202,0.544831,0.005673,0.000697,0.568321
18000,1.6202,0.544831,0.005673,0.000697,0.569955
19000,1.6202,0.544831,0.005673,0.000697,0.580199
20000,1.6202,0.544831,0.005673,0.000697,0.581334
21000,1.6202,0.544831,0.005673,0.000697,0.582518
22000,1.6202,0.544831,0.005673,0.000697,0.564968
23000,1.6202,0.544831,0.005673,0.000697,0.593122
24000,1.6202,0.544831,0.005673,0.000697,0.589139
25000,1.6202,0.544831,0.005673,0.000697,0.588425
26000,1.6202,0.544831,0.005673,0.000697,0.570620
27000,1.6202,0.544831,0.005673,0.000697,0.586592
28000,1.6202,0.544831,0.005673,0.000697,0.573908
29000,1.6202,0.544831,0.005673,0.000697,0.575975
30000,1.6202,0.544831,0.005673,0.000697,0.581378
