Cycle,Area(mm^2),PeakDynamic(W),SubthresholdLeakage(W),GateLeakage(W),RunTimeDynamic(W)
1000,15.7031,5.502199,0.052647,0.006391,0.553475
2000,15.7031,5.502199,0.052647,0.006391,0.550220
3000,15.7031,5.502199,0.052647,0.006391,0.550220
4000,15.7031,5.502199,0.052647,0.006391,0.550220
5000,15.7031,5.502199,0.052647,0.006391,0.550220
6000,15.7031,5.502199,0.052647,0.006391,11.303850
7000,15.7031,5.502199,0.052647,0.006391,12.291466
8000,15.7031,5.502199,0.052647,0.006391,12.880837
9000,15.7031,5.502199,0.052647,0.006391,15.252501
10000,15.7031,5.502199,0.052647,0.006391,15.598140
11000,15.7031,5.502199,0.052647,0.006391,14.717603
12000,15.7031,5.502199,0.052647,0.006391,15.631293
13000,15.7031,5.502199,0.052647,0.006391,15.162592
14000,15.7031,5.502199,0.052647,0.006391,14.784447
15000,15.7031,5.502199,0.052647,0.006391,14.757394
16000,15.7031,5.502199,0.052647,0.006391,16.056706
17000,15.7031,5.502199,0.052647,0.006391,15.496873
18000,15.7031,5.502199,0.052647,0.006391,15.654687
19000,15.7031,5.502199,0.052647,0.006391,16.201127
20000,15.7031,5.502199,0.052647,0.006391,16.266541
21000,15.7031,5.502199,0.052647,0.006391,16.344802
22000,15.7031,5.502199,0.052647,0.006391,15.336958
23000,15.7031,5.502199,0.052647,0.006391,16.990791
24000,15.7031,5.502199,0.052647,0.006391,16.738480
25000,15.7031,5.502199,0.052647,0.006391,16.717923
26000,15.7031,5.502199,0.052647,0.006391,15.692179
27000,15.7031,5.502199,0.052647,0.006391,16.595403
28000,15.7031,5.502199,0.052647,0.006391,15.829872
29000,15.7031,5.502199,0.052647,0.006391,16.010377
30000,15.7031,5.502199,0.052647,0.006391,16.332718
