Cycle,Area(mm^2),PeakDynamic(W),SubthresholdLeakage(W),GateLeakage(W),RunTimeDynamic(W)
1000,1.0570,0.187474,0.005507,0.000525,0.000000
2000,1.0570,0.187474,0.005507,0.000525,0.000000
3000,1.0570,0.187474,0.005507,0.000525,0.000000
4000,1.0570,0.187474,0.005507,0.000525,0.000000
5000,1.0570,0.187474,0.005507,0.000525,0.000000
6000,1.0570,0.187474,0.005507,0.000525,0.097877
7000,1.0570,0.187474,0.005507,0.000525,0.481166
8000,1.0570,0.187474,0.005507,0.000525,0.730047
9000,1.0570,0.187474,0.005507,0.000525,0.873076
10000,1.0570,0.187474,0.005507,0.000525,0.912335
11000,1.0570,0.187474,0.005507,0.000525,0.953262
12000,1.0570,0.187474,0.005507,0.000525,0.998032
13000,1.0570,0.187474,0.005507,0.000525,0.985500
14000,1.0570,0.187474,0.005507,0.000525,1.009603
15000,1.0570,0.187474,0.005507,0.000525,1.027727
16000,1.0570,0.187474,0.005507,0.000525,1.016621
17000,1.0570,0.187474,0.005507,0.000525,1.036967
18000,1.0570,0.187474,0.005507,0.000525,1.037943
19000,1.0570,0.187474,0.005507,0.000525,1.060415
20000,1.0570,0.187474,0.005507,0.000525,1.055924
21000,1.0570,0.187474,0.005507,0.000525,1.034137
22000,1.0570,0.187474,0.005507,0.000525,1.062217
23000,1.0570,0.187474,0.005507,0.000525,1.034562
24000,1.0570,0.187474,0.005507,0.000525,1.026442
25000,1.0570,0.187474,0.005507,0.000525,1.005075
26000,1.0570,0.187474,0.005507,0.000525,1.012917
27000,1.0570,0.187474,0.005507,0.000525,1.038055
28000,1.0570,0.187474,0.005507,0.000525,0.995289
29000,1.0570,0.187474,0.005507,0.000525,1.011400
30000,1.0570,0.187474,0.005507,0.000525,0.952190
31000,1.0570,0.187474,0.005507,0.000525,0.983754
32000,1.0570,0.187474,0.005507,0.000525,0.950275
33000,1.0570,0.187474,0.005507,0.000525,0.941640
34000,1.0570,0.187474,0.005507,0.000525,0.942042
35000,1.0570,0.187474,0.005507,0.000525,0.899066
36000,1.0570,0.187474,0.005507,0.000525,0.820601
