Cycle,Area(mm^2),PeakDynamic(W),SubthresholdLeakage(W),GateLeakage(W),RunTimeDynamic(W)
1000,0.0324,0.013523,0.002678,0.000431,0.000000
2000,0.0324,0.013523,0.002678,0.000431,0.000000
3000,0.0324,0.013523,0.002678,0.000431,0.000000
4000,0.0324,0.013523,0.002678,0.000431,0.000000
5000,0.0324,0.013523,0.002678,0.000431,0.000000
6000,0.0324,0.013523,0.002678,0.000431,1.037656
7000,0.0324,0.013523,0.002678,0.000431,1.321722
8000,0.0324,0.013523,0.002678,0.000431,1.564888
9000,0.0324,0.013523,0.002678,0.000431,1.757281
10000,0.0324,0.013523,0.002678,0.000431,1.796418
11000,0.0324,0.013523,0.002678,0.000431,1.853654
12000,0.0324,0.013523,0.002678,0.000431,1.880921
13000,0.0324,0.013523,0.002678,0.000431,1.901253
14000,0.0324,0.013523,0.002678,0.000431,1.926992
15000,0.0324,0.013523,0.002678,0.000431,1.931928
16000,0.0324,0.013523,0.002678,0.000431,1.918177
17000,0.0324,0.013523,0.002678,0.000431,1.970125
18000,0.0324,0.013523,0.002678,0.000431,1.970713
19000,0.0324,0.013523,0.002678,0.000431,1.992103
20000,0.0324,0.013523,0.002678,0.000431,1.972005
21000,0.0324,0.013523,0.002678,0.000431,1.964836
22000,0.0324,0.013523,0.002678,0.000431,1.976354
23000,0.0324,0.013523,0.002678,0.000431,1.979997
24000,0.0324,0.013523,0.002678,0.000431,1.960253
25000,0.0324,0.013523,0.002678,0.000431,1.950380
26000,0.0324,0.013523,0.002678,0.000431,1.948265
27000,0.0324,0.013523,0.002678,0.000431,1.968832
28000,0.0324,0.013523,0.002678,0.000431,1.940508
29000,0.0324,0.013523,0.002678,0.000431,1.944739
30000,0.0324,0.013523,0.002678,0.000431,1.931458
31000,0.0324,0.013523,0.002678,0.000431,1.908423
32000,0.0324,0.013523,0.002678,0.000431,1.879628
33000,0.0324,0.013523,0.002678,0.000431,1.859061
34000,0.0324,0.013523,0.002678,0.000431,1.875515
35000,0.0324,0.013523,0.002678,0.000431,1.848483
36000,0.0324,0.013523,0.002678,0.000431,1.030135
