Cycle,Area(mm^2),PeakDynamic(W),SubthresholdLeakage(W),GateLeakage(W),RunTimeDynamic(W)
1000,23.8212,1.028147,0.538949,0.086720,8.505886
2000,23.8212,1.028147,0.538949,0.086720,8.569123
3000,23.8212,1.028147,0.538949,0.086720,8.569123
4000,23.8212,1.028147,0.538949,0.086720,8.569123
5000,23.8212,1.028147,0.538949,0.086720,8.569123
6000,23.8212,1.028147,0.538949,0.086720,18.527963
7000,23.8212,1.028147,0.538949,0.086720,16.890582
8000,23.8212,1.028147,0.538949,0.086720,18.145449
9000,23.8212,1.028147,0.538949,0.086720,10.890151
10000,23.8212,1.028147,0.538949,0.086720,15.336403
11000,23.8212,1.028147,0.538949,0.086720,17.918551
12000,23.8212,1.028147,0.538949,0.086720,17.465835
13000,23.8212,1.028147,0.538949,0.086720,18.055354
14000,23.8212,1.028147,0.538949,0.086720,12.856100
15000,23.8212,1.028147,0.538949,0.086720,15.275671
16000,23.8212,1.028147,0.538949,0.086720,15.955487
17000,23.8212,1.028147,0.538949,0.086720,18.061393
18000,23.8212,1.028147,0.538949,0.086720,17.247050
19000,23.8212,1.028147,0.538949,0.086720,17.443997
20000,23.8212,1.028147,0.538949,0.086720,13.051948
21000,23.8212,1.028147,0.538949,0.086720,15.641893
22000,23.8212,1.028147,0.538949,0.086720,16.651439
23000,23.8212,1.028147,0.538949,0.086720,18.207082
24000,23.8212,1.028147,0.538949,0.086720,18.149538
25000,23.8212,1.028147,0.538949,0.086720,18.641812
26000,23.8212,1.028147,0.538949,0.086720,18.197199
27000,23.8212,1.028147,0.538949,0.086720,15.875238
28000,23.8212,1.028147,0.538949,0.086720,17.711196
29000,23.8212,1.028147,0.538949,0.086720,18.023375
30000,23.8212,1.028147,0.538949,0.086720,17.667154
31000,23.8212,1.028147,0.538949,0.086720,18.448523
32000,23.8212,1.028147,0.538949,0.086720,18.777298
33000,23.8212,1.028147,0.538949,0.086720,18.358543
34000,23.8212,1.028147,0.538949,0.086720,18.089130
35000,23.8212,1.028147,0.538949,0.086720,18.305515
36000,23.8212,1.028147,0.538949,0.086720,17.604055
37000,23.8212,1.028147,0.538949,0.086720,16.950285
38000,23.8212,1.028147,0.538949,0.086720,17.681418
39000,23.8212,1.028147,0.538949,0.086720,17.602700
40000,23.8212,1.028147,0.538949,0.086720,12.731804
41000,23.8212,1.028147,0.538949,0.086720,7.411481
42000,23.8212,1.028147,0.538949,0.086720,7.910149
