Cycle,Area(mm^2),PeakDynamic(W),SubthresholdLeakage(W),GateLeakage(W),RunTimeDynamic(W)
1000,15.7031,5.502199,0.052647,0.006391,0.553107
2000,15.7031,5.502199,0.052647,0.006391,0.550220
3000,15.7031,5.502199,0.052647,0.006391,0.550220
4000,15.7031,5.502199,0.052647,0.006391,0.550220
5000,15.7031,5.502199,0.052647,0.006391,0.550220
6000,15.7031,5.502199,0.052647,0.006391,0.579366
7000,15.7031,5.502199,0.052647,0.006391,0.570560
8000,15.7031,5.502199,0.052647,0.006391,0.554729
9000,15.7031,5.502199,0.052647,0.006391,0.556691
10000,15.7031,5.502199,0.052647,0.006391,0.554817
11000,15.7031,5.502199,0.052647,0.006391,0.554937
12000,15.7031,5.502199,0.052647,0.006391,0.559319
13000,15.7031,5.502199,0.052647,0.006391,0.554384
