Cycle,Area(mm^2),PeakDynamic(W),SubthresholdLeakage(W),GateLeakage(W),RunTimeDynamic(W)
1000,1.3415,0.039994,0.023482,0.002970,0.333635
2000,1.3415,0.039994,0.023482,0.002970,0.213435
3000,1.3415,0.039994,0.023482,0.002970,0.213435
4000,1.3415,0.039994,0.023482,0.002970,0.213435
5000,1.3415,0.039994,0.023482,0.002970,0.213435
6000,1.3415,0.039994,0.023482,0.002970,0.347038
7000,1.3415,0.039994,0.023482,0.002970,0.375519
8000,1.3415,0.039994,0.023482,0.002970,0.373573
9000,1.3415,0.039994,0.023482,0.002970,0.352352
