Cycle,Area(mm^2),PeakDynamic(W),SubthresholdLeakage(W),GateLeakage(W),RunTimeDynamic(W)
1000,1.3415,0.039994,0.023482,0.002970,0.007447
2000,1.3415,0.039994,0.023482,0.002970,0.007114
3000,1.3415,0.039994,0.023482,0.002970,0.007114
4000,1.3415,0.039994,0.023482,0.002970,0.007114
5000,1.3415,0.039994,0.023482,0.002970,0.007114
