Cycle,RunTimeDynamic(W)
1000,8.428606
2000,8.483750
3000,8.483750
4000,8.483750
5000,8.483750
6000,0.008484
7000,0.701606
