Cycle,Area(mm^2),PeakDynamic(W),SubthresholdLeakage(W),GateLeakage(W),RunTimeDynamic(W)
1000,1.0570,0.187474,0.005507,0.000525,0.000911
2000,1.0570,0.187474,0.005507,0.000525,0.000000
3000,1.0570,0.187474,0.005507,0.000525,0.000000
4000,1.0570,0.187474,0.005507,0.000525,0.000000
5000,1.0570,0.187474,0.005507,0.000525,0.000000
