Cycle,Area(mm^2),PeakDynamic(W),SubthresholdLeakage(W),GateLeakage(W),RunTimeDynamic(W)
8000000,8.6440,0.261844,0.058609,0.079322,2.494452
8001000,8.6440,0.261844,0.058609,0.079322,2.517921
8002000,8.6440,0.261844,0.058609,0.079322,2.491041
8003000,8.6440,0.261844,0.058609,0.079322,2.504006
8004000,8.6440,0.261844,0.058609,0.079322,2.511122
8005000,8.6440,0.261844,0.058609,0.079322,2.542180
8006000,8.6440,0.261844,0.058609,0.079322,2.509612
8007000,8.6440,0.261844,0.058609,0.079322,2.452481
8008000,8.6440,0.261844,0.058609,0.079322,2.476884
8009000,8.6440,0.261844,0.058609,0.079322,2.466473
8010000,8.6440,0.261844,0.058609,0.079322,2.519592
8011000,8.6440,0.261844,0.058609,0.079322,2.505988
8012000,8.6440,0.261844,0.058609,0.079322,2.523978
8013000,8.6440,0.261844,0.058609,0.079322,2.533329
8014000,8.6440,0.261844,0.058609,0.079322,2.413498
8015000,8.6440,0.261844,0.058609,0.079322,0.886381
