Cycle,Area(mm^2),PeakDynamic(W),SubthresholdLeakage(W),GateLeakage(W),RunTimeDynamic(W)
1000,1.3415,0.039994,0.023482,0.002970,0.029687
2000,1.3415,0.039994,0.023482,0.002970,0.021343
3000,1.3415,0.039994,0.023482,0.002970,0.021343
4000,1.3415,0.039994,0.023482,0.002970,0.021343
5000,1.3415,0.039994,0.023482,0.002970,0.021343
