Cycle,Area(mm^2),PeakDynamic(W),SubthresholdLeakage(W),GateLeakage(W),RunTimeDynamic(W)
1000,0.2191,0.065854,0.000377,0.000034,0.039616
2000,0.2191,0.065854,0.000377,0.000034,0.039512
3000,0.2191,0.065854,0.000377,0.000034,0.039512
4000,0.2191,0.065854,0.000377,0.000034,0.039512
5000,0.2191,0.065854,0.000377,0.000034,0.039512
6000,0.2191,0.065854,0.000377,0.000034,0.107887
7000,0.2191,0.065854,0.000377,0.000034,0.102812
8000,0.2191,0.065854,0.000377,0.000034,0.074365
9000,0.2191,0.065854,0.000377,0.000034,0.085272
10000,0.2191,0.065854,0.000377,0.000034,0.097001
11000,0.2191,0.065854,0.000377,0.000034,0.092647
12000,0.2191,0.065854,0.000377,0.000034,0.080545
13000,0.2191,0.065854,0.000377,0.000034,0.089667
14000,0.2191,0.065854,0.000377,0.000034,0.089469
15000,0.2191,0.065854,0.000377,0.000034,0.096348
16000,0.2191,0.065854,0.000377,0.000034,0.079713
17000,0.2191,0.065854,0.000377,0.000034,0.088048
18000,0.2191,0.065854,0.000377,0.000034,0.068883
19000,0.2191,0.065854,0.000377,0.000034,0.082678
20000,0.2191,0.065854,0.000377,0.000034,0.069625
21000,0.2191,0.065854,0.000377,0.000034,0.072760
22000,0.2191,0.065854,0.000377,0.000034,0.071588
23000,0.2191,0.065854,0.000377,0.000034,0.057830
24000,0.2191,0.065854,0.000377,0.000034,0.067107
25000,0.2191,0.065854,0.000377,0.000034,0.077202
26000,0.2191,0.065854,0.000377,0.000034,0.045584
27000,0.2191,0.065854,0.000377,0.000034,0.048803
28000,0.2191,0.065854,0.000377,0.000034,0.047301
29000,0.2191,0.065854,0.000377,0.000034,0.045951
30000,0.2191,0.065854,0.000377,0.000034,0.041852
31000,0.2191,0.065854,0.000377,0.000034,0.046179
