Cycle,Area(mm^2),PeakDynamic(W),SubthresholdLeakage(W),GateLeakage(W),RunTimeDynamic(W)
1000,1.6202,0.544831,0.005673,0.000697,0.326899
2000,1.6202,0.544831,0.005673,0.000697,0.326899
3000,1.6202,0.544831,0.005673,0.000697,0.326899
4000,1.6202,0.544831,0.005673,0.000697,0.326899
5000,1.6202,0.544831,0.005673,0.000697,0.326899
6000,1.6202,0.544831,0.005673,0.000697,0.326899
7000,1.6202,0.544831,0.005673,0.000697,0.326899
8000,1.6202,0.544831,0.005673,0.000697,0.327510
9000,1.6202,0.544831,0.005673,0.000697,0.327416
10000,1.6202,0.544831,0.005673,0.000697,0.327181
11000,1.6202,0.544831,0.005673,0.000697,0.327416
12000,1.6202,0.544831,0.005673,0.000697,0.327369
13000,1.6202,0.544831,0.005673,0.000697,0.327275
14000,1.6202,0.544831,0.005673,0.000697,0.327181
15000,1.6202,0.544831,0.005673,0.000697,0.333173
16000,1.6202,0.544831,0.005673,0.000697,0.327040
17000,1.6202,0.544831,0.005673,0.000697,0.326946
18000,1.6202,0.544831,0.005673,0.000697,0.328509
19000,1.6202,0.544831,0.005673,0.000697,0.327932
20000,1.6202,0.544831,0.005673,0.000697,0.326993
21000,1.6202,0.544831,0.005673,0.000697,0.327989
22000,1.6202,0.544831,0.005673,0.000697,0.328422
23000,1.6202,0.544831,0.005673,0.000697,0.326993
24000,1.6202,0.544831,0.005673,0.000697,0.326993
25000,1.6202,0.544831,0.005673,0.000697,0.330546
26000,1.6202,0.544831,0.005673,0.000697,0.328207
27000,1.6202,0.544831,0.005673,0.000697,0.327416
28000,1.6202,0.544831,0.005673,0.000697,0.327426
29000,1.6202,0.544831,0.005673,0.000697,0.327134
30000,1.6202,0.544831,0.005673,0.000697,0.327040
31000,1.6202,0.544831,0.005673,0.000697,0.326899
