Cycle,RunTimeDynamic(W)
4000000,7.918166
4001000,7.918166
4002000,7.918166
4003000,7.918166
4004000,7.918166
4005000,7.918166
4006000,7.918166
4007000,7.918166
4008000,7.918166
4009000,7.918166
4010000,8.049382
4011000,8.200958
4012000,8.200958
4013000,8.200958
4014000,8.200958
4015000,8.200958
4016000,8.200958
4017000,8.200958
4018000,8.200958
4019000,8.200958
4020000,8.200958
4021000,8.200958
