Cycle,Area(mm^2),PeakDynamic(W),SubthresholdLeakage(W),GateLeakage(W),RunTimeDynamic(W)
4000000,0.2191,0.065854,0.000377,0.000034,0.040710
4001000,0.2191,0.065854,0.000377,0.000034,0.040359
4002000,0.2191,0.065854,0.000377,0.000034,0.040653
4003000,0.2191,0.065854,0.000377,0.000034,0.040862
4004000,0.2191,0.065854,0.000377,0.000034,0.040430
4005000,0.2191,0.065854,0.000377,0.000034,0.040719
4006000,0.2191,0.065854,0.000377,0.000034,0.040781
4007000,0.2191,0.065854,0.000377,0.000034,0.040487
4008000,0.2191,0.065854,0.000377,0.000034,0.040656
4009000,0.2191,0.065854,0.000377,0.000034,0.040580
4010000,0.2191,0.065854,0.000377,0.000034,0.041084
4011000,0.2191,0.065854,0.000377,0.000034,0.040034
4012000,0.2191,0.065854,0.000377,0.000034,0.040124
4013000,0.2191,0.065854,0.000377,0.000034,0.040400
4014000,0.2191,0.065854,0.000377,0.000034,0.039978
4015000,0.2191,0.065854,0.000377,0.000034,0.040036
4016000,0.2191,0.065854,0.000377,0.000034,0.040115
4017000,0.2191,0.065854,0.000377,0.000034,0.040042
4018000,0.2191,0.065854,0.000377,0.000034,0.040122
4019000,0.2191,0.065854,0.000377,0.000034,0.040187
4020000,0.2191,0.065854,0.000377,0.000034,0.040043
4021000,0.2191,0.065854,0.000377,0.000034,0.039972
