Cycle,Area(mm^2),PeakDynamic(W),SubthresholdLeakage(W),GateLeakage(W),RunTimeDynamic(W)
4000000,0.0324,0.013523,0.002678,0.000431,0.001293
4001000,0.0324,0.013523,0.002678,0.000431,0.001410
4002000,0.0324,0.013523,0.002678,0.000431,0.001528
4003000,0.0324,0.013523,0.002678,0.000431,0.001410
4004000,0.0324,0.013523,0.002678,0.000431,0.001293
4005000,0.0324,0.013523,0.002678,0.000431,0.001528
4006000,0.0324,0.013523,0.002678,0.000431,0.001175
4007000,0.0324,0.013523,0.002678,0.000431,0.000940
4008000,0.0324,0.013523,0.002678,0.000431,0.001645
4009000,0.0324,0.013523,0.002678,0.000431,0.001528
4010000,0.0324,0.013523,0.002678,0.000431,0.001880
4011000,0.0324,0.013523,0.002678,0.000431,0.000470
4012000,0.0324,0.013523,0.002678,0.000431,0.000940
4013000,0.0324,0.013523,0.002678,0.000431,0.000705
4014000,0.0324,0.013523,0.002678,0.000431,0.000823
4015000,0.0324,0.013523,0.002678,0.000431,0.000705
4016000,0.0324,0.013523,0.002678,0.000431,0.000588
4017000,0.0324,0.013523,0.002678,0.000431,0.000823
4018000,0.0324,0.013523,0.002678,0.000431,0.000823
4019000,0.0324,0.013523,0.002678,0.000431,0.000705
4020000,0.0324,0.013523,0.002678,0.000431,0.000705
4021000,0.0324,0.013523,0.002678,0.000431,0.000823
