Cycle,RunTimeDynamic(W)
1000,5.378980
2000,8.483750
3000,8.483750
4000,8.483750
5000,8.483750
6000,4.811135
7000,4.807458
8000,4.807458
9000,4.807458
10000,4.807458
11000,4.807458
12000,4.807458
13000,4.807458
14000,4.807458
15000,4.888054
