Cycle,Area(mm^2),PeakDynamic(W),SubthresholdLeakage(W),GateLeakage(W),RunTimeDynamic(W)
1000,0.2191,0.065854,0.000377,0.000034,0.074662
2000,0.2191,0.065854,0.000377,0.000034,0.039512
3000,0.2191,0.065854,0.000377,0.000034,0.039512
4000,0.2191,0.065854,0.000377,0.000034,0.039512
5000,0.2191,0.065854,0.000377,0.000034,0.039512
6000,0.2191,0.065854,0.000377,0.000034,0.133827
7000,0.2191,0.065854,0.000377,0.000034,0.064476
8000,0.2191,0.065854,0.000377,0.000034,0.164584
9000,0.2191,0.065854,0.000377,0.000034,0.096261
10000,0.2191,0.065854,0.000377,0.000034,0.043018
11000,0.2191,0.065854,0.000377,0.000034,0.077045
12000,0.2191,0.065854,0.000377,0.000034,0.053692
13000,0.2191,0.065854,0.000377,0.000034,0.065514
14000,0.2191,0.065854,0.000377,0.000034,0.072158
15000,0.2191,0.065854,0.000377,0.000034,0.094012
