Cycle,Area(mm^2),PeakDynamic(W),SubthresholdLeakage(W),GateLeakage(W),RunTimeDynamic(W)
1000,1.0570,0.187474,0.005507,0.000525,0.000000
2000,1.0570,0.187474,0.005507,0.000525,0.000000
3000,1.0570,0.187474,0.005507,0.000525,0.000000
4000,1.0570,0.187474,0.005507,0.000525,0.000000
5000,1.0570,0.187474,0.005507,0.000525,0.000000
6000,1.0570,0.187474,0.005507,0.000525,0.000978
7000,1.0570,0.187474,0.005507,0.000525,0.001737
8000,1.0570,0.187474,0.005507,0.000525,0.000657
9000,1.0570,0.187474,0.005507,0.000525,0.001244
10000,1.0570,0.187474,0.005507,0.000525,0.001162
11000,1.0570,0.187474,0.005507,0.000525,0.000763
12000,1.0570,0.187474,0.005507,0.000525,0.001144
13000,1.0570,0.187474,0.005507,0.000525,0.001225
14000,1.0570,0.187474,0.005507,0.000525,0.000569
15000,1.0570,0.187474,0.005507,0.000525,0.000844
16000,1.0570,0.187474,0.005507,0.000525,0.000194
17000,1.0570,0.187474,0.005507,0.000525,0.000282
18000,1.0570,0.187474,0.005507,0.000525,0.000288
19000,1.0570,0.187474,0.005507,0.000525,0.000282
