Cycle,Area(mm^2),PeakDynamic(W),SubthresholdLeakage(W),GateLeakage(W),RunTimeDynamic(W)
1000,15.7031,5.502199,0.052647,0.006391,0.550593
2000,15.7031,5.502199,0.052647,0.006391,0.550220
3000,15.7031,5.502199,0.052647,0.006391,0.550220
4000,15.7031,5.502199,0.052647,0.006391,0.550220
5000,15.7031,5.502199,0.052647,0.006391,0.550220
6000,15.7031,5.502199,0.052647,0.006391,1.800644
7000,15.7031,5.502199,0.052647,0.006391,4.271135
8000,15.7031,5.502199,0.052647,0.006391,10.135487
9000,15.7031,5.502199,0.052647,0.006391,2.931957
10000,15.7031,5.502199,0.052647,0.006391,2.602472
11000,15.7031,5.502199,0.052647,0.006391,0.655896
