Cycle,Area(mm^2),PeakDynamic(W),SubthresholdLeakage(W),GateLeakage(W),RunTimeDynamic(W)
1000,0.0324,0.013523,0.002678,0.000431,0.004231
2000,0.0324,0.013523,0.002678,0.000431,0.000000
3000,0.0324,0.013523,0.002678,0.000431,0.000000
4000,0.0324,0.013523,0.002678,0.000431,0.000000
5000,0.0324,0.013523,0.002678,0.000431,0.000000
6000,0.0324,0.013523,0.002678,0.000431,0.012693
7000,0.0324,0.013523,0.002678,0.000431,0.019862
8000,0.0324,0.013523,0.002678,0.000431,0.006111
9000,0.0324,0.013523,0.002678,0.000431,0.005054
10000,0.0324,0.013523,0.002678,0.000431,0.004819
11000,0.0324,0.013523,0.002678,0.000431,0.007287
12000,0.0324,0.013523,0.002678,0.000431,0.002351
13000,0.0324,0.013523,0.002678,0.000431,0.006229
14000,0.0324,0.013523,0.002678,0.000431,0.003996
15000,0.0324,0.013523,0.002678,0.000431,0.007757
16000,0.0324,0.013523,0.002678,0.000431,0.005524
17000,0.0324,0.013523,0.002678,0.000431,0.002938
18000,0.0324,0.013523,0.002678,0.000431,0.002468
19000,0.0324,0.013523,0.002678,0.000431,0.002468
20000,0.0324,0.013523,0.002678,0.000431,0.002116
21000,0.0324,0.013523,0.002678,0.000431,0.001763
22000,0.0324,0.013523,0.002678,0.000431,0.001293
23000,0.0324,0.013523,0.002678,0.000431,0.001410
24000,0.0324,0.013523,0.002678,0.000431,0.001410
25000,0.0324,0.013523,0.002678,0.000431,0.001058
26000,0.0324,0.013523,0.002678,0.000431,0.000588
27000,0.0324,0.013523,0.002678,0.000431,0.001058
