Cycle,Area(mm^2),PeakDynamic(W),SubthresholdLeakage(W),GateLeakage(W),RunTimeDynamic(W)
1000,23.8212,1.028147,0.538949,0.086720,8.542081
2000,23.8212,1.028147,0.538949,0.086720,8.547780
3000,23.8212,1.028147,0.538949,0.086720,8.547780
4000,23.8212,1.028147,0.538949,0.086720,8.547780
5000,23.8212,1.028147,0.538949,0.086720,8.547780
6000,23.8212,1.028147,0.538949,0.086720,23.992865
7000,23.8212,1.028147,0.538949,0.086720,22.792907
8000,23.8212,1.028147,0.538949,0.086720,27.815234
9000,23.8212,1.028147,0.538949,0.086720,27.034525
10000,23.8212,1.028147,0.538949,0.086720,27.936869
11000,23.8212,1.028147,0.538949,0.086720,26.185274
12000,23.8212,1.028147,0.538949,0.086720,26.214683
13000,23.8212,1.028147,0.538949,0.086720,26.302127
14000,23.8212,1.028147,0.538949,0.086720,13.851038
