Cycle,Area(mm^2),PeakDynamic(W),SubthresholdLeakage(W),GateLeakage(W),RunTimeDynamic(W)
1000,0.2191,0.065854,0.000377,0.000034,0.039628
2000,0.2191,0.065854,0.000377,0.000034,0.039512
3000,0.2191,0.065854,0.000377,0.000034,0.039512
4000,0.2191,0.065854,0.000377,0.000034,0.039512
5000,0.2191,0.065854,0.000377,0.000034,0.039512
6000,0.2191,0.065854,0.000377,0.000034,0.056400
7000,0.2191,0.065854,0.000377,0.000034,0.047095
8000,0.2191,0.065854,0.000377,0.000034,0.051312
9000,0.2191,0.065854,0.000377,0.000034,0.051139
10000,0.2191,0.065854,0.000377,0.000034,0.053313
11000,0.2191,0.065854,0.000377,0.000034,0.052311
12000,0.2191,0.065854,0.000377,0.000034,0.052513
13000,0.2191,0.065854,0.000377,0.000034,0.048803
14000,0.2191,0.065854,0.000377,0.000034,0.049086
15000,0.2191,0.065854,0.000377,0.000034,0.052633
16000,0.2191,0.065854,0.000377,0.000034,0.045526
17000,0.2191,0.065854,0.000377,0.000034,0.049107
18000,0.2191,0.065854,0.000377,0.000034,0.050303
19000,0.2191,0.065854,0.000377,0.000034,0.041285
20000,0.2191,0.065854,0.000377,0.000034,0.043149
