Cycle,Area(mm^2),PeakDynamic(W),SubthresholdLeakage(W),GateLeakage(W),RunTimeDynamic(W)
1000,0.0324,0.013523,0.002678,0.000431,0.000118
2000,0.0324,0.013523,0.002678,0.000431,0.000000
3000,0.0324,0.013523,0.002678,0.000431,0.000000
4000,0.0324,0.013523,0.002678,0.000431,0.000000
5000,0.0324,0.013523,0.002678,0.000431,0.000000
6000,0.0324,0.013523,0.002678,0.000431,0.002821
7000,0.0324,0.013523,0.002678,0.000431,0.003056
8000,0.0324,0.013523,0.002678,0.000431,0.002116
9000,0.0324,0.013523,0.002678,0.000431,0.001528
10000,0.0324,0.013523,0.002678,0.000431,0.001175
11000,0.0324,0.013523,0.002678,0.000431,0.001645
12000,0.0324,0.013523,0.002678,0.000431,0.001175
13000,0.0324,0.013523,0.002678,0.000431,0.002703
14000,0.0324,0.013523,0.002678,0.000431,0.002233
15000,0.0324,0.013523,0.002678,0.000431,0.000823
16000,0.0324,0.013523,0.002678,0.000431,0.000940
17000,0.0324,0.013523,0.002678,0.000431,0.001058
18000,0.0324,0.013523,0.002678,0.000431,0.000940
19000,0.0324,0.013523,0.002678,0.000431,0.000940
