Cycle,Area(mm^2),PeakDynamic(W),SubthresholdLeakage(W),GateLeakage(W),RunTimeDynamic(W)
1000,23.8212,1.028147,0.538949,0.086720,9.270482
2000,23.8212,1.028147,0.538949,0.086720,9.124054
3000,23.8212,1.028147,0.538949,0.086720,9.124054
4000,23.8212,1.028147,0.538949,0.086720,9.124054
5000,23.8212,1.028147,0.538949,0.086720,9.124054
6000,23.8212,1.028147,0.538949,0.086720,14.424747
7000,23.8212,1.028147,0.538949,0.086720,15.278943
8000,23.8212,1.028147,0.538949,0.086720,9.955548
9000,23.8212,1.028147,0.538949,0.086720,12.905149
10000,23.8212,1.028147,0.538949,0.086720,15.228294
11000,23.8212,1.028147,0.538949,0.086720,15.712596
12000,23.8212,1.028147,0.538949,0.086720,14.991596
13000,23.8212,1.028147,0.538949,0.086720,14.548361
14000,23.8212,1.028147,0.538949,0.086720,13.703381
15000,23.8212,1.028147,0.538949,0.086720,14.250698
16000,23.8212,1.028147,0.538949,0.086720,15.335971
17000,23.8212,1.028147,0.538949,0.086720,15.504276
18000,23.8212,1.028147,0.538949,0.086720,14.964448
19000,23.8212,1.028147,0.538949,0.086720,14.002526
20000,23.8212,1.028147,0.538949,0.086720,14.565407
21000,23.8212,1.028147,0.538949,0.086720,14.715923
22000,23.8212,1.028147,0.538949,0.086720,14.678432
23000,23.8212,1.028147,0.538949,0.086720,15.583794
24000,23.8212,1.028147,0.538949,0.086720,13.903368
25000,23.8212,1.028147,0.538949,0.086720,13.850141
26000,23.8212,1.028147,0.538949,0.086720,14.562276
27000,23.8212,1.028147,0.538949,0.086720,15.273811
28000,23.8212,1.028147,0.538949,0.086720,15.162196
29000,23.8212,1.028147,0.538949,0.086720,14.122396
30000,23.8212,1.028147,0.538949,0.086720,13.765601
31000,23.8212,1.028147,0.538949,0.086720,14.601586
32000,23.8212,1.028147,0.538949,0.086720,15.227627
33000,23.8212,1.028147,0.538949,0.086720,15.477602
34000,23.8212,1.028147,0.538949,0.086720,14.277892
35000,23.8212,1.028147,0.538949,0.086720,15.735265
36000,23.8212,1.028147,0.538949,0.086720,13.831938
37000,23.8212,1.028147,0.538949,0.086720,15.218312
38000,23.8212,1.028147,0.538949,0.086720,15.350294
39000,23.8212,1.028147,0.538949,0.086720,15.324002
40000,23.8212,1.028147,0.538949,0.086720,14.968408
41000,23.8212,1.028147,0.538949,0.086720,4.279241
