Cycle,Area(mm^2),PeakDynamic(W),SubthresholdLeakage(W),GateLeakage(W),RunTimeDynamic(W)
1000,8.6440,0.261844,0.058609,0.079322,0.178692
2000,8.6440,0.261844,0.058609,0.079322,0.106717
3000,8.6440,0.261844,0.058609,0.079322,0.106717
4000,8.6440,0.261844,0.058609,0.079322,0.106717
5000,8.6440,0.261844,0.058609,0.079322,0.106717
6000,8.6440,0.261844,0.058609,0.079322,0.126326
7000,8.6440,0.261844,0.058609,0.079322,0.130542
8000,8.6440,0.261844,0.058609,0.079322,0.102509
9000,8.6440,0.261844,0.058609,0.079322,0.125379
10000,8.6440,0.261844,0.058609,0.079322,0.115770
11000,8.6440,0.261844,0.058609,0.079322,0.118581
12000,8.6440,0.261844,0.058609,0.079322,0.106934
13000,8.6440,0.261844,0.058609,0.079322,0.117348
14000,8.6440,0.261844,0.058609,0.079322,0.119854
15000,8.6440,0.261844,0.058609,0.079322,0.112278
16000,8.6440,0.261844,0.058609,0.079322,0.116058
17000,8.6440,0.261844,0.058609,0.079322,0.101453
18000,8.6440,0.261844,0.058609,0.079322,0.106508
19000,8.6440,0.261844,0.058609,0.079322,0.104908
20000,8.6440,0.261844,0.058609,0.079322,0.104009
21000,8.6440,0.261844,0.058609,0.079322,0.105233
