Cycle,Area(mm^2),PeakDynamic(W),SubthresholdLeakage(W),GateLeakage(W),RunTimeDynamic(W)
1000,23.8212,1.028147,0.538949,0.086720,8.564471
2000,23.8212,1.028147,0.538949,0.086720,8.569123
3000,23.8212,1.028147,0.538949,0.086720,8.569123
4000,23.8212,1.028147,0.538949,0.086720,8.569123
5000,23.8212,1.028147,0.538949,0.086720,8.569123
6000,23.8212,1.028147,0.538949,0.086720,8.411783
7000,23.8212,1.028147,0.538949,0.086720,8.297862
8000,23.8212,1.028147,0.538949,0.086720,8.293925
9000,23.8212,1.028147,0.538949,0.086720,8.304154
10000,23.8212,1.028147,0.538949,0.086720,8.292930
11000,23.8212,1.028147,0.538949,0.086720,8.296780
12000,23.8212,1.028147,0.538949,0.086720,8.298161
13000,23.8212,1.028147,0.538949,0.086720,8.305424
