Cycle,Area(mm^2),PeakDynamic(W),SubthresholdLeakage(W),GateLeakage(W),RunTimeDynamic(W)
1000,23.8212,1.028147,0.538949,0.086720,9.199967
2000,23.8212,1.028147,0.538949,0.086720,9.124054
3000,23.8212,1.028147,0.538949,0.086720,9.124054
4000,23.8212,1.028147,0.538949,0.086720,9.124054
5000,23.8212,1.028147,0.538949,0.086720,9.124054
6000,23.8212,1.028147,0.538949,0.086720,14.851637
7000,23.8212,1.028147,0.538949,0.086720,15.446141
8000,23.8212,1.028147,0.538949,0.086720,10.056935
9000,23.8212,1.028147,0.538949,0.086720,14.276540
10000,23.8212,1.028147,0.538949,0.086720,15.379871
11000,23.8212,1.028147,0.538949,0.086720,16.189168
12000,23.8212,1.028147,0.538949,0.086720,15.462487
13000,23.8212,1.028147,0.538949,0.086720,14.365982
14000,23.8212,1.028147,0.538949,0.086720,14.572944
15000,23.8212,1.028147,0.538949,0.086720,14.697290
16000,23.8212,1.028147,0.538949,0.086720,15.654972
17000,23.8212,1.028147,0.538949,0.086720,16.162347
18000,23.8212,1.028147,0.538949,0.086720,15.289751
19000,23.8212,1.028147,0.538949,0.086720,14.049354
20000,23.8212,1.028147,0.538949,0.086720,15.214028
21000,23.8212,1.028147,0.538949,0.086720,14.622325
22000,23.8212,1.028147,0.538949,0.086720,15.077743
23000,23.8212,1.028147,0.538949,0.086720,15.979206
24000,23.8212,1.028147,0.538949,0.086720,15.083330
25000,23.8212,1.028147,0.538949,0.086720,15.099480
26000,23.8212,1.028147,0.538949,0.086720,13.982208
27000,23.8212,1.028147,0.538949,0.086720,14.649597
28000,23.8212,1.028147,0.538949,0.086720,15.175133
29000,23.8212,1.028147,0.538949,0.086720,15.680392
30000,23.8212,1.028147,0.538949,0.086720,14.277707
31000,23.8212,1.028147,0.538949,0.086720,14.660190
32000,23.8212,1.028147,0.538949,0.086720,14.529812
33000,23.8212,1.028147,0.538949,0.086720,15.803073
34000,23.8212,1.028147,0.538949,0.086720,15.377782
35000,23.8212,1.028147,0.538949,0.086720,16.114413
36000,23.8212,1.028147,0.538949,0.086720,14.539305
37000,23.8212,1.028147,0.538949,0.086720,14.764751
38000,23.8212,1.028147,0.538949,0.086720,16.271318
39000,23.8212,1.028147,0.538949,0.086720,15.135315
40000,23.8212,1.028147,0.538949,0.086720,15.560976
41000,23.8212,1.028147,0.538949,0.086720,5.949937
