Cycle,Area(mm^2),PeakDynamic(W),SubthresholdLeakage(W),GateLeakage(W),RunTimeDynamic(W)
1000,1.3415,0.039994,0.023482,0.002970,0.198428
2000,1.3415,0.039994,0.023482,0.002970,0.135176
3000,1.3415,0.039994,0.023482,0.002970,0.135176
4000,1.3415,0.039994,0.023482,0.002970,0.135176
5000,1.3415,0.039994,0.023482,0.002970,0.135176
6000,1.3415,0.039994,0.023482,0.002970,0.270363
7000,1.3415,0.039994,0.023482,0.002970,0.416966
8000,1.3415,0.039994,0.023482,0.002970,0.441022
9000,1.3415,0.039994,0.023482,0.002970,0.420712
10000,1.3415,0.039994,0.023482,0.002970,0.415701
11000,1.3415,0.039994,0.023482,0.002970,0.436054
12000,1.3415,0.039994,0.023482,0.002970,0.423321
13000,1.3415,0.039994,0.023482,0.002970,0.431943
14000,1.3415,0.039994,0.023482,0.002970,0.410163
15000,1.3415,0.039994,0.023482,0.002970,0.412242
16000,1.3415,0.039994,0.023482,0.002970,0.418277
17000,1.3415,0.039994,0.023482,0.002970,0.383690
18000,1.3415,0.039994,0.023482,0.002970,0.365584
19000,1.3415,0.039994,0.023482,0.002970,0.376862
20000,1.3415,0.039994,0.023482,0.002970,0.352720
21000,1.3415,0.039994,0.023482,0.002970,0.369781
22000,1.3415,0.039994,0.023482,0.002970,0.343683
23000,1.3415,0.039994,0.023482,0.002970,0.368676
24000,1.3415,0.039994,0.023482,0.002970,0.374110
25000,1.3415,0.039994,0.023482,0.002970,0.369886
26000,1.3415,0.039994,0.023482,0.002970,0.359596
27000,1.3415,0.039994,0.023482,0.002970,0.382769
28000,1.3415,0.039994,0.023482,0.002970,0.378035
29000,1.3415,0.039994,0.023482,0.002970,0.371968
30000,1.3415,0.039994,0.023482,0.002970,0.353036
31000,1.3415,0.039994,0.023482,0.002970,0.307868
