Cycle,Area(mm^2),PeakDynamic(W),SubthresholdLeakage(W),GateLeakage(W),RunTimeDynamic(W)
1000,8.6440,0.261844,0.058609,0.079322,0.002059
2000,8.6440,0.261844,0.058609,0.079322,0.000000
3000,8.6440,0.261844,0.058609,0.079322,0.000000
4000,8.6440,0.261844,0.058609,0.079322,0.000000
5000,8.6440,0.261844,0.058609,0.079322,0.000000
6000,8.6440,0.261844,0.058609,0.079322,0.130246
7000,8.6440,0.261844,0.058609,0.079322,0.608033
8000,8.6440,0.261844,0.058609,0.079322,0.498526
9000,8.6440,0.261844,0.058609,0.079322,0.063290
