Cycle,Area(mm^2),PeakDynamic(W),SubthresholdLeakage(W),GateLeakage(W),RunTimeDynamic(W)
1000,23.8212,1.028147,0.538949,0.086720,8.343261
2000,23.8212,1.028147,0.538949,0.086720,8.483750
3000,23.8212,1.028147,0.538949,0.086720,8.483750
4000,23.8212,1.028147,0.538949,0.086720,8.483750
5000,23.8212,1.028147,0.538949,0.086720,8.483750
6000,23.8212,1.028147,0.538949,0.086720,8.069642
7000,23.8212,1.028147,0.538949,0.086720,8.465147
8000,23.8212,1.028147,0.538949,0.086720,8.070118
9000,23.8212,1.028147,0.538949,0.086720,7.410909
