Cycle,Area(mm^2),PeakDynamic(W),SubthresholdLeakage(W),GateLeakage(W),RunTimeDynamic(W)
1000,23.8212,1.028147,0.538949,0.086720,9.055269
2000,23.8212,1.028147,0.538949,0.086720,8.995988
3000,23.8212,1.028147,0.538949,0.086720,8.995988
4000,23.8212,1.028147,0.538949,0.086720,8.995988
5000,23.8212,1.028147,0.538949,0.086720,8.995988
6000,23.8212,1.028147,0.538949,0.086720,15.362602
7000,23.8212,1.028147,0.538949,0.086720,20.909030
8000,23.8212,1.028147,0.538949,0.086720,22.057321
9000,23.8212,1.028147,0.538949,0.086720,20.931933
10000,23.8212,1.028147,0.538949,0.086720,21.703398
11000,23.8212,1.028147,0.538949,0.086720,21.116215
12000,23.8212,1.028147,0.538949,0.086720,20.922734
13000,23.8212,1.028147,0.538949,0.086720,20.768913
14000,23.8212,1.028147,0.538949,0.086720,20.248989
15000,23.8212,1.028147,0.538949,0.086720,20.509936
16000,23.8212,1.028147,0.538949,0.086720,20.028624
17000,23.8212,1.028147,0.538949,0.086720,20.203878
18000,23.8212,1.028147,0.538949,0.086720,18.494162
19000,23.8212,1.028147,0.538949,0.086720,18.137004
20000,23.8212,1.028147,0.538949,0.086720,18.342167
21000,23.8212,1.028147,0.538949,0.086720,18.462499
22000,23.8212,1.028147,0.538949,0.086720,17.935924
23000,23.8212,1.028147,0.538949,0.086720,18.084316
24000,23.8212,1.028147,0.538949,0.086720,19.304242
25000,23.8212,1.028147,0.538949,0.086720,18.373630
26000,23.8212,1.028147,0.538949,0.086720,18.232843
27000,23.8212,1.028147,0.538949,0.086720,18.571613
28000,23.8212,1.028147,0.538949,0.086720,18.947871
29000,23.8212,1.028147,0.538949,0.086720,18.910332
30000,23.8212,1.028147,0.538949,0.086720,18.833041
31000,23.8212,1.028147,0.538949,0.086720,19.403614
32000,23.8212,1.028147,0.538949,0.086720,7.338448
