Cycle,Area(mm^2),PeakDynamic(W),SubthresholdLeakage(W),GateLeakage(W),RunTimeDynamic(W)
1000,8.6440,0.261844,0.058609,0.079322,0.067939
2000,8.6440,0.261844,0.058609,0.079322,0.035573
3000,8.6440,0.261844,0.058609,0.079322,0.035573
4000,8.6440,0.261844,0.058609,0.079322,0.035573
5000,8.6440,0.261844,0.058609,0.079322,0.035573
6000,8.6440,0.261844,0.058609,0.079322,0.039712
7000,8.6440,0.261844,0.058609,0.079322,0.037242
8000,8.6440,0.261844,0.058609,0.079322,0.039188
9000,8.6440,0.261844,0.058609,0.079322,0.039691
