Cycle,Area(mm^2),PeakDynamic(W),SubthresholdLeakage(W),GateLeakage(W),RunTimeDynamic(W)
1000,1.3415,0.039994,0.023482,0.002970,0.066478
2000,1.3415,0.039994,0.023482,0.002970,0.035573
3000,1.3415,0.039994,0.023482,0.002970,0.035573
4000,1.3415,0.039994,0.023482,0.002970,0.035573
5000,1.3415,0.039994,0.023482,0.002970,0.035573
6000,1.3415,0.039994,0.023482,0.002970,0.038679
7000,1.3415,0.039994,0.023482,0.002970,0.035875
8000,1.3415,0.039994,0.023482,0.002970,0.035770
9000,1.3415,0.039994,0.023482,0.002970,0.035831
