Cycle,Area(mm^2),PeakDynamic(W),SubthresholdLeakage(W),GateLeakage(W),RunTimeDynamic(W)
1000,8.6440,0.261844,0.058609,0.079322,0.259494
2000,8.6440,0.261844,0.058609,0.079322,0.213435
3000,8.6440,0.261844,0.058609,0.079322,0.213435
4000,8.6440,0.261844,0.058609,0.079322,0.213435
5000,8.6440,0.261844,0.058609,0.079322,0.213435
6000,8.6440,0.261844,0.058609,0.079322,2.134062
7000,8.6440,0.261844,0.058609,0.079322,3.888083
8000,8.6440,0.261844,0.058609,0.079322,4.178169
9000,8.6440,0.261844,0.058609,0.079322,4.822988
10000,8.6440,0.261844,0.058609,0.079322,4.813196
11000,8.6440,0.261844,0.058609,0.079322,4.761683
12000,8.6440,0.261844,0.058609,0.079322,4.946175
