Cycle,Area(mm^2),PeakDynamic(W),SubthresholdLeakage(W),GateLeakage(W),RunTimeDynamic(W)
1000,15.7031,5.502199,0.052647,0.006391,0.550220
2000,15.7031,5.502199,0.052647,0.006391,0.550220
3000,15.7031,5.502199,0.052647,0.006391,0.550220
4000,15.7031,5.502199,0.052647,0.006391,0.550220
5000,15.7031,5.502199,0.052647,0.006391,0.550220
6000,15.7031,5.502199,0.052647,0.006391,11.745670
7000,15.7031,5.502199,0.052647,0.006391,15.760591
8000,15.7031,5.502199,0.052647,0.006391,12.470536
9000,15.7031,5.502199,0.052647,0.006391,2.428490
10000,15.7031,5.502199,0.052647,0.006391,1.418647
11000,15.7031,5.502199,0.052647,0.006391,1.471778
12000,15.7031,5.502199,0.052647,0.006391,1.436046
