Cycle,Area(mm^2),PeakDynamic(W),SubthresholdLeakage(W),GateLeakage(W),RunTimeDynamic(W)
1000,23.8212,1.028147,0.538949,0.086720,9.278990
2000,23.8212,1.028147,0.538949,0.086720,9.038673
3000,23.8212,1.028147,0.538949,0.086720,9.038673
4000,23.8212,1.028147,0.538949,0.086720,9.038673
5000,23.8212,1.028147,0.538949,0.086720,9.038673
6000,23.8212,1.028147,0.538949,0.086720,14.798833
7000,23.8212,1.028147,0.538949,0.086720,16.453846
8000,23.8212,1.028147,0.538949,0.086720,16.948435
9000,23.8212,1.028147,0.538949,0.086720,17.376622
10000,23.8212,1.028147,0.538949,0.086720,18.024747
11000,23.8212,1.028147,0.538949,0.086720,17.574592
12000,23.8212,1.028147,0.538949,0.086720,17.460206
13000,23.8212,1.028147,0.538949,0.086720,16.987114
14000,23.8212,1.028147,0.538949,0.086720,16.874465
15000,23.8212,1.028147,0.538949,0.086720,17.148376
16000,23.8212,1.028147,0.538949,0.086720,17.198957
17000,23.8212,1.028147,0.538949,0.086720,17.029644
18000,23.8212,1.028147,0.538949,0.086720,17.438650
19000,23.8212,1.028147,0.538949,0.086720,17.318795
20000,23.8212,1.028147,0.538949,0.086720,17.424346
21000,23.8212,1.028147,0.538949,0.086720,16.662914
22000,23.8212,1.028147,0.538949,0.086720,17.633044
23000,23.8212,1.028147,0.538949,0.086720,17.338367
24000,23.8212,1.028147,0.538949,0.086720,17.599376
25000,23.8212,1.028147,0.538949,0.086720,16.920237
26000,23.8212,1.028147,0.538949,0.086720,17.270917
27000,23.8212,1.028147,0.538949,0.086720,17.711324
28000,23.8212,1.028147,0.538949,0.086720,17.651552
29000,23.8212,1.028147,0.538949,0.086720,17.841622
30000,23.8212,1.028147,0.538949,0.086720,17.057536
31000,23.8212,1.028147,0.538949,0.086720,17.477712
32000,23.8212,1.028147,0.538949,0.086720,17.727245
33000,23.8212,1.028147,0.538949,0.086720,18.144298
34000,23.8212,1.028147,0.538949,0.086720,17.739976
35000,23.8212,1.028147,0.538949,0.086720,11.349450
