Cycle,Area(mm^2),PeakDynamic(W),SubthresholdLeakage(W),GateLeakage(W),RunTimeDynamic(W)
1000,15.7031,5.502199,0.052647,0.006391,0.550292
2000,15.7031,5.502199,0.052647,0.006391,0.550220
3000,15.7031,5.502199,0.052647,0.006391,0.550220
4000,15.7031,5.502199,0.052647,0.006391,0.550220
5000,15.7031,5.502199,0.052647,0.006391,0.550220
6000,15.7031,5.502199,0.052647,0.006391,5.714828
7000,15.7031,5.502199,0.052647,0.006391,14.768687
8000,15.7031,5.502199,0.052647,0.006391,15.948488
9000,15.7031,5.502199,0.052647,0.006391,16.517888
10000,15.7031,5.502199,0.052647,0.006391,16.452152
11000,15.7031,5.502199,0.052647,0.006391,16.369345
12000,15.7031,5.502199,0.052647,0.006391,17.145245
13000,15.7031,5.502199,0.052647,0.006391,16.616610
14000,15.7031,5.502199,0.052647,0.006391,16.891221
15000,15.7031,5.502199,0.052647,0.006391,16.830834
16000,15.7031,5.502199,0.052647,0.006391,17.175425
17000,15.7031,5.502199,0.052647,0.006391,16.855457
18000,15.7031,5.502199,0.052647,0.006391,16.142495
19000,15.7031,5.502199,0.052647,0.006391,16.848188
20000,15.7031,5.502199,0.052647,0.006391,17.771169
21000,15.7031,5.502199,0.052647,0.006391,18.011052
22000,15.7031,5.502199,0.052647,0.006391,18.039830
23000,15.7031,5.502199,0.052647,0.006391,18.386977
24000,15.7031,5.502199,0.052647,0.006391,18.449459
25000,15.7031,5.502199,0.052647,0.006391,18.302085
26000,15.7031,5.502199,0.052647,0.006391,18.168695
27000,15.7031,5.502199,0.052647,0.006391,17.835516
28000,15.7031,5.502199,0.052647,0.006391,16.458559
29000,15.7031,5.502199,0.052647,0.006391,17.970674
30000,15.7031,5.502199,0.052647,0.006391,18.050117
31000,15.7031,5.502199,0.052647,0.006391,18.128055
32000,15.7031,5.502199,0.052647,0.006391,18.277032
33000,15.7031,5.502199,0.052647,0.006391,18.279126
34000,15.7031,5.502199,0.052647,0.006391,18.243456
35000,15.7031,5.502199,0.052647,0.006391,18.318505
36000,15.7031,5.502199,0.052647,0.006391,18.384598
37000,15.7031,5.502199,0.052647,0.006391,18.339097
38000,15.7031,5.502199,0.052647,0.006391,18.098076
39000,15.7031,5.502199,0.052647,0.006391,17.658995
40000,15.7031,5.502199,0.052647,0.006391,17.803960
41000,15.7031,5.502199,0.052647,0.006391,17.711442
42000,15.7031,5.502199,0.052647,0.006391,18.227670
43000,15.7031,5.502199,0.052647,0.006391,18.231376
44000,15.7031,5.502199,0.052647,0.006391,18.117086
45000,15.7031,5.502199,0.052647,0.006391,17.513132
