Cycle,Area(mm^2),PeakDynamic(W),SubthresholdLeakage(W),GateLeakage(W),RunTimeDynamic(W)
1000,8.6440,0.261844,0.058609,0.079322,0.156982
2000,8.6440,0.261844,0.058609,0.079322,0.156519
3000,8.6440,0.261844,0.058609,0.079322,0.156519
4000,8.6440,0.261844,0.058609,0.079322,0.156519
5000,8.6440,0.261844,0.058609,0.079322,0.156519
6000,8.6440,0.261844,0.058609,0.079322,0.165497
7000,8.6440,0.261844,0.058609,0.079322,0.161349
8000,8.6440,0.261844,0.058609,0.079322,0.155635
9000,8.6440,0.261844,0.058609,0.079322,0.153878
10000,8.6440,0.261844,0.058609,0.079322,0.156117
11000,8.6440,0.261844,0.058609,0.079322,0.162578
12000,8.6440,0.261844,0.058609,0.079322,0.162894
13000,8.6440,0.261844,0.058609,0.079322,0.169484
14000,8.6440,0.261844,0.058609,0.079322,0.160833
15000,8.6440,0.261844,0.058609,0.079322,0.167704
16000,8.6440,0.261844,0.058609,0.079322,0.159963
17000,8.6440,0.261844,0.058609,0.079322,0.159940
18000,8.6440,0.261844,0.058609,0.079322,0.160892
19000,8.6440,0.261844,0.058609,0.079322,0.159271
20000,8.6440,0.261844,0.058609,0.079322,0.161409
21000,8.6440,0.261844,0.058609,0.079322,0.173990
