Cycle,Area(mm^2),PeakDynamic(W),SubthresholdLeakage(W),GateLeakage(W),RunTimeDynamic(W)
1000,15.7031,5.502199,0.052647,0.006391,0.550220
2000,15.7031,5.502199,0.052647,0.006391,0.550220
3000,15.7031,5.502199,0.052647,0.006391,0.550220
4000,15.7031,5.502199,0.052647,0.006391,0.550220
5000,15.7031,5.502199,0.052647,0.006391,0.550220
6000,15.7031,5.502199,0.052647,0.006391,0.579560
7000,15.7031,5.502199,0.052647,0.006391,0.605553
8000,15.7031,5.502199,0.052647,0.006391,0.551125
9000,15.7031,5.502199,0.052647,0.006391,0.553723
10000,15.7031,5.502199,0.052647,0.006391,0.551123
11000,15.7031,5.502199,0.052647,0.006391,0.567002
12000,15.7031,5.502199,0.052647,0.006391,0.560359
13000,15.7031,5.502199,0.052647,0.006391,0.558880
14000,15.7031,5.502199,0.052647,0.006391,0.569401
15000,15.7031,5.502199,0.052647,0.006391,0.552320
16000,15.7031,5.502199,0.052647,0.006391,0.551628
17000,15.7031,5.502199,0.052647,0.006391,0.554273
18000,15.7031,5.502199,0.052647,0.006391,0.554879
19000,15.7031,5.502199,0.052647,0.006391,0.551386
20000,15.7031,5.502199,0.052647,0.006391,0.554863
21000,15.7031,5.502199,0.052647,0.006391,0.553121
