Cycle,Area(mm^2),PeakDynamic(W),SubthresholdLeakage(W),GateLeakage(W),RunTimeDynamic(W)
1000,1.3415,0.039994,0.023482,0.002970,0.842781
2000,1.3415,0.039994,0.023482,0.002970,0.739898
3000,1.3415,0.039994,0.023482,0.002970,0.739898
4000,1.3415,0.039994,0.023482,0.002970,0.739898
5000,1.3415,0.039994,0.023482,0.002970,0.739898
6000,1.3415,0.039994,0.023482,0.002970,0.575964
7000,1.3415,0.039994,0.023482,0.002970,0.502114
8000,1.3415,0.039994,0.023482,0.002970,0.504477
9000,1.3415,0.039994,0.023482,0.002970,0.505286
10000,1.3415,0.039994,0.023482,0.002970,0.510516
11000,1.3415,0.039994,0.023482,0.002970,0.496519
12000,1.3415,0.039994,0.023482,0.002970,0.494515
13000,1.3415,0.039994,0.023482,0.002970,0.496231
