Cycle,Area(mm^2),PeakDynamic(W),SubthresholdLeakage(W),GateLeakage(W),RunTimeDynamic(W)
1000,15.7031,5.502199,0.052647,0.006391,0.550580
2000,15.7031,5.502199,0.052647,0.006391,0.550220
3000,15.7031,5.502199,0.052647,0.006391,0.550220
4000,15.7031,5.502199,0.052647,0.006391,0.550220
5000,15.7031,5.502199,0.052647,0.006391,0.550220
6000,15.7031,5.502199,0.052647,0.006391,0.635249
7000,15.7031,5.502199,0.052647,0.006391,0.581510
8000,15.7031,5.502199,0.052647,0.006391,0.625118
9000,15.7031,5.502199,0.052647,0.006391,0.586308
10000,15.7031,5.502199,0.052647,0.006391,0.562241
11000,15.7031,5.502199,0.052647,0.006391,0.615339
12000,15.7031,5.502199,0.052647,0.006391,0.632549
13000,15.7031,5.502199,0.052647,0.006391,0.601552
