Cycle,Area(mm^2),PeakDynamic(W),SubthresholdLeakage(W),GateLeakage(W),RunTimeDynamic(W)
1000,0.7779,0.306348,0.002724,0.000334,0.183856
2000,0.7779,0.306348,0.002724,0.000334,0.183809
3000,0.7779,0.306348,0.002724,0.000334,0.183809
4000,0.7779,0.306348,0.002724,0.000334,0.183809
5000,0.7779,0.306348,0.002724,0.000334,0.183809
6000,0.7779,0.306348,0.002724,0.000334,0.244551
7000,0.7779,0.306348,0.002724,0.000334,0.257488
8000,0.7779,0.306348,0.002724,0.000334,0.289585
9000,0.7779,0.306348,0.002724,0.000334,0.260188
10000,0.7779,0.306348,0.002724,0.000334,0.271787
11000,0.7779,0.306348,0.002724,0.000334,0.281250
12000,0.7779,0.306348,0.002724,0.000334,0.262748
13000,0.7779,0.306348,0.002724,0.000334,0.279043
14000,0.7779,0.306348,0.002724,0.000334,0.275615
15000,0.7779,0.306348,0.002724,0.000334,0.271623
16000,0.7779,0.306348,0.002724,0.000334,0.282588
17000,0.7779,0.306348,0.002724,0.000334,0.271999
18000,0.7779,0.306348,0.002724,0.000334,0.278056
19000,0.7779,0.306348,0.002724,0.000334,0.287167
20000,0.7779,0.306348,0.002724,0.000334,0.275591
21000,0.7779,0.306348,0.002724,0.000334,0.288106
22000,0.7779,0.306348,0.002724,0.000334,0.291182
23000,0.7779,0.306348,0.002724,0.000334,0.289608
24000,0.7779,0.306348,0.002724,0.000334,0.303602
25000,0.7779,0.306348,0.002724,0.000334,0.306796
26000,0.7779,0.306348,0.002724,0.000334,0.301395
27000,0.7779,0.306348,0.002724,0.000334,0.295361
