Cycle,Area(mm^2),PeakDynamic(W),SubthresholdLeakage(W),GateLeakage(W),RunTimeDynamic(W)
1000,23.8212,1.028147,0.538949,0.086720,9.209161
2000,23.8212,1.028147,0.538949,0.086720,9.124054
3000,23.8212,1.028147,0.538949,0.086720,9.124054
4000,23.8212,1.028147,0.538949,0.086720,9.124054
5000,23.8212,1.028147,0.538949,0.086720,9.124054
6000,23.8212,1.028147,0.538949,0.086720,23.235590
7000,23.8212,1.028147,0.538949,0.086720,25.051797
8000,23.8212,1.028147,0.538949,0.086720,23.601588
9000,23.8212,1.028147,0.538949,0.086720,26.092198
10000,23.8212,1.028147,0.538949,0.086720,24.538590
11000,23.8212,1.028147,0.538949,0.086720,25.067242
12000,23.8212,1.028147,0.538949,0.086720,25.937553
13000,23.8212,1.028147,0.538949,0.086720,23.986652
14000,23.8212,1.028147,0.538949,0.086720,25.480942
15000,23.8212,1.028147,0.538949,0.086720,25.109403
16000,23.8212,1.028147,0.538949,0.086720,24.701580
17000,23.8212,1.028147,0.538949,0.086720,24.965082
18000,23.8212,1.028147,0.538949,0.086720,24.585698
19000,23.8212,1.028147,0.538949,0.086720,25.143836
20000,23.8212,1.028147,0.538949,0.086720,24.429130
21000,23.8212,1.028147,0.538949,0.086720,24.711565
22000,23.8212,1.028147,0.538949,0.086720,24.452864
23000,23.8212,1.028147,0.538949,0.086720,24.878382
24000,23.8212,1.028147,0.538949,0.086720,23.913164
25000,23.8212,1.028147,0.538949,0.086720,24.488928
26000,23.8212,1.028147,0.538949,0.086720,24.384331
27000,23.8212,1.028147,0.538949,0.086720,15.650026
