Cycle,Area(mm^2),PeakDynamic(W),SubthresholdLeakage(W),GateLeakage(W),RunTimeDynamic(W)
1000,23.8212,1.028147,0.538949,0.086720,10.078760
2000,23.8212,1.028147,0.538949,0.086720,9.764358
3000,23.8212,1.028147,0.538949,0.086720,9.764358
4000,23.8212,1.028147,0.538949,0.086720,9.764358
5000,23.8212,1.028147,0.538949,0.086720,9.764358
