Cycle,Area(mm^2),PeakDynamic(W),PeakDynamicEnergy(W),clockRate(MHz),SubthresholdLeakage(W),GateLeakage(W),RunTimeDynamic(W)
1000,13.0892,0.726309,0.000000,700000000.000000,0.432316,0.001509,0.049589
2000,13.0892,0.726309,0.000000,700000000.000000,0.432316,0.001509,0.042687
3000,13.0892,0.726309,0.000000,700000000.000000,0.432316,0.001509,0.042687
4000,13.0892,0.726309,0.000000,700000000.000000,0.432316,0.001509,0.042687
5000,13.0892,0.726309,0.000000,700000000.000000,0.432316,0.001509,0.042687
