Cycle,Area(mm^2),PeakDynamic(W),SubthresholdLeakage(W),GateLeakage(W),RunTimeDynamic(W)
1000,23.8212,1.028147,0.538949,0.086720,7.715971
2000,23.8212,1.028147,0.538949,0.086720,8.547780
3000,23.8212,1.028147,0.538949,0.086720,8.547780
4000,23.8212,1.028147,0.538949,0.086720,8.547780
5000,23.8212,1.028147,0.538949,0.086720,8.547780
6000,23.8212,1.028147,0.538949,0.086720,17.828348
7000,23.8212,1.028147,0.538949,0.086720,20.326272
8000,23.8212,1.028147,0.538949,0.086720,20.236894
9000,23.8212,1.028147,0.538949,0.086720,23.657990
10000,23.8212,1.028147,0.538949,0.086720,17.540473
11000,23.8212,1.028147,0.538949,0.086720,17.517156
12000,23.8212,1.028147,0.538949,0.086720,19.642629
13000,23.8212,1.028147,0.538949,0.086720,19.601912
14000,23.8212,1.028147,0.538949,0.086720,21.640599
15000,23.8212,1.028147,0.538949,0.086720,21.468115
16000,23.8212,1.028147,0.538949,0.086720,17.476481
17000,23.8212,1.028147,0.538949,0.086720,18.237596
18000,23.8212,1.028147,0.538949,0.086720,19.771561
19000,23.8212,1.028147,0.538949,0.086720,20.234836
20000,23.8212,1.028147,0.538949,0.086720,21.629344
21000,23.8212,1.028147,0.538949,0.086720,20.055147
22000,23.8212,1.028147,0.538949,0.086720,17.768204
23000,23.8212,1.028147,0.538949,0.086720,18.867339
24000,23.8212,1.028147,0.538949,0.086720,20.032876
25000,23.8212,1.028147,0.538949,0.086720,20.706775
26000,23.8212,1.028147,0.538949,0.086720,21.467056
27000,23.8212,1.028147,0.538949,0.086720,19.249747
28000,23.8212,1.028147,0.538949,0.086720,18.128737
29000,23.8212,1.028147,0.538949,0.086720,19.744168
30000,23.8212,1.028147,0.538949,0.086720,20.169411
31000,23.8212,1.028147,0.538949,0.086720,12.238505
32000,23.8212,1.028147,0.538949,0.086720,8.074238
33000,23.8212,1.028147,0.538949,0.086720,8.075626
34000,23.8212,1.028147,0.538949,0.086720,8.059599
35000,23.8212,1.028147,0.538949,0.086720,8.053752
36000,23.8212,1.028147,0.538949,0.086720,8.063592
37000,23.8212,1.028147,0.538949,0.086720,8.064193
38000,23.8212,1.028147,0.538949,0.086720,8.060132
39000,23.8212,1.028147,0.538949,0.086720,8.064905
40000,23.8212,1.028147,0.538949,0.086720,8.205405
41000,23.8212,1.028147,0.538949,0.086720,8.350874
42000,23.8212,1.028147,0.538949,0.086720,8.595963
