Cycle,Area(mm^2),PeakDynamic(W),PeakDynamicEnergy(W),clockRate(MHz),SubthresholdLeakage(W),GateLeakage(W),RunTimeDynamic(W)
1000,13.0892,0.726309,0.000000,700000000.000000,0.432316,0.001509,5.920083
2000,13.0892,0.726309,0.000000,700000000.000000,0.432316,0.001509,0.049802
3000,13.0892,0.726309,0.000000,700000000.000000,0.432316,0.001509,0.049802
4000,13.0892,0.726309,0.000000,700000000.000000,0.432316,0.001509,0.049802
5000,13.0892,0.726309,0.000000,700000000.000000,0.432316,0.001509,0.049802
6000,13.0892,0.726309,0.000000,700000000.000000,0.432316,0.001509,0.159512
7000,13.0892,0.726309,0.000000,700000000.000000,0.432316,0.001509,0.053032
8000,13.0892,0.726309,0.000000,700000000.000000,0.432316,0.001509,0.062927
9000,13.0892,0.726309,0.000000,700000000.000000,0.432316,0.001509,0.061125
