Cycle,Area(mm^2),PeakDynamic(W),SubthresholdLeakage(W),GateLeakage(W),RunTimeDynamic(W)
1000,1.3415,0.039994,0.023482,0.002970,0.227311
2000,1.3415,0.039994,0.023482,0.002970,0.049802
3000,1.3415,0.039994,0.023482,0.002970,0.049802
4000,1.3415,0.039994,0.023482,0.002970,0.049802
5000,1.3415,0.039994,0.023482,0.002970,0.049802
6000,1.3415,0.039994,0.023482,0.002970,0.045800
7000,1.3415,0.039994,0.023482,0.002970,0.042915
8000,1.3415,0.039994,0.023482,0.002970,0.043196
9000,1.3415,0.039994,0.023482,0.002970,0.043151
