Cycle,Area(mm^2),PeakDynamic(W),SubthresholdLeakage(W),GateLeakage(W),RunTimeDynamic(W)
1000,23.8212,1.028147,0.538949,0.086720,8.730351
2000,23.8212,1.028147,0.538949,0.086720,8.633155
3000,23.8212,1.028147,0.538949,0.086720,8.633155
4000,23.8212,1.028147,0.538949,0.086720,8.633155
5000,23.8212,1.028147,0.538949,0.086720,8.633155
6000,23.8212,1.028147,0.538949,0.086720,8.453241
7000,23.8212,1.028147,0.538949,0.086720,8.341074
8000,23.8212,1.028147,0.538949,0.086720,8.353373
9000,23.8212,1.028147,0.538949,0.086720,8.354988
