Cycle,Area(mm^2),PeakPower(W),TotalLeakage(W),PeakDynamic(W),SubthresholdLeakage(W),GateLeakage(W),RunTimeDynamic(W)
1000,40.6137,7.425191,0.693847,6.731343,0.599781,0.094066,19.689336
2000,40.6137,7.425191,0.693847,6.731343,0.599781,0.094066,9.183375
3000,40.6137,7.425191,0.693847,6.731343,0.599781,0.094066,9.183375
4000,40.6137,7.425191,0.693847,6.731343,0.599781,0.094066,9.183375
5000,40.6137,7.425191,0.693847,6.731343,0.599781,0.094066,9.183375
6000,40.6137,7.425191,0.693847,6.731343,0.599781,0.094066,9.017995
7000,40.6137,7.425191,0.693847,6.731343,0.599781,0.094066,8.898547
8000,40.6137,7.425191,0.693847,6.731343,0.599781,0.094066,8.911808
9000,40.6137,7.425191,0.693847,6.731343,0.599781,0.094066,8.912048
