Cycle,Area(mm^2),PeakDynamic(W),SubthresholdLeakage(W),GateLeakage(W),RunTimeDynamic(W)
1000,15.7031,5.502199,0.052647,0.006391,0.550660
2000,15.7031,5.502199,0.052647,0.006391,0.550220
3000,15.7031,5.502199,0.052647,0.006391,0.550220
4000,15.7031,5.502199,0.052647,0.006391,0.550220
5000,15.7031,5.502199,0.052647,0.006391,0.550220
6000,15.7031,5.502199,0.052647,0.006391,9.844365
7000,15.7031,5.502199,0.052647,0.006391,8.688851
8000,15.7031,5.502199,0.052647,0.006391,11.874808
9000,15.7031,5.502199,0.052647,0.006391,12.482710
10000,15.7031,5.502199,0.052647,0.006391,12.499035
11000,15.7031,5.502199,0.052647,0.006391,12.191688
12000,15.7031,5.502199,0.052647,0.006391,12.238315
13000,15.7031,5.502199,0.052647,0.006391,12.762055
14000,15.7031,5.502199,0.052647,0.006391,12.050139
15000,15.7031,5.502199,0.052647,0.006391,12.473332
16000,15.7031,5.502199,0.052647,0.006391,12.075796
17000,15.7031,5.502199,0.052647,0.006391,12.358973
18000,15.7031,5.502199,0.052647,0.006391,12.065258
19000,15.7031,5.502199,0.052647,0.006391,12.735705
20000,15.7031,5.502199,0.052647,0.006391,11.786548
21000,15.7031,5.502199,0.052647,0.006391,12.804675
22000,15.7031,5.502199,0.052647,0.006391,11.356044
23000,15.7031,5.502199,0.052647,0.006391,12.908277
24000,15.7031,5.502199,0.052647,0.006391,12.690851
25000,15.7031,5.502199,0.052647,0.006391,12.858799
26000,15.7031,5.502199,0.052647,0.006391,11.762669
27000,15.7031,5.502199,0.052647,0.006391,12.609256
28000,15.7031,5.502199,0.052647,0.006391,12.660228
29000,15.7031,5.502199,0.052647,0.006391,13.315015
30000,15.7031,5.502199,0.052647,0.006391,12.857884
31000,15.7031,5.502199,0.052647,0.006391,12.186224
32000,15.7031,5.502199,0.052647,0.006391,12.413743
33000,15.7031,5.502199,0.052647,0.006391,12.700253
34000,15.7031,5.502199,0.052647,0.006391,12.214457
35000,15.7031,5.502199,0.052647,0.006391,12.457297
36000,15.7031,5.502199,0.052647,0.006391,12.258046
37000,15.7031,5.502199,0.052647,0.006391,12.681735
