Cycle,Area(mm^2),PeakDynamic(W),SubthresholdLeakage(W),GateLeakage(W),RunTimeDynamic(W)
1000,8.6440,0.261844,0.058609,0.079322,0.043856
2000,8.6440,0.261844,0.058609,0.079322,0.028458
3000,8.6440,0.261844,0.058609,0.079322,0.028458
4000,8.6440,0.261844,0.058609,0.079322,0.028458
5000,8.6440,0.261844,0.058609,0.079322,0.028458
