Cycle,Area(mm^2),PeakDynamic(W),SubthresholdLeakage(W),GateLeakage(W),RunTimeDynamic(W)
1000,1.3415,0.039994,0.023482,0.002970,0.042114
2000,1.3415,0.039994,0.023482,0.002970,0.028458
3000,1.3415,0.039994,0.023482,0.002970,0.028458
4000,1.3415,0.039994,0.023482,0.002970,0.028458
5000,1.3415,0.039994,0.023482,0.002970,0.028458
