Cycle,Area(mm^2),PeakDynamic(W),SubthresholdLeakage(W),GateLeakage(W),RunTimeDynamic(W)
1000,23.8212,1.028147,0.538949,0.086720,8.444064
2000,23.8212,1.028147,0.538949,0.086720,8.569123
3000,23.8212,1.028147,0.538949,0.086720,8.569123
4000,23.8212,1.028147,0.538949,0.086720,8.569123
5000,23.8212,1.028147,0.538949,0.086720,8.569123
