Cycle,Area(mm^2),PeakDynamic(W),SubthresholdLeakage(W),GateLeakage(W),RunTimeDynamic(W)
1000,8.6440,0.261844,0.058609,0.079322,0.449193
2000,8.6440,0.261844,0.058609,0.079322,0.227663
3000,8.6440,0.261844,0.058609,0.079322,0.227663
4000,8.6440,0.261844,0.058609,0.079322,0.227663
5000,8.6440,0.261844,0.058609,0.079322,0.227663
6000,8.6440,0.261844,0.058609,0.079322,2.255586
7000,8.6440,0.261844,0.058609,0.079322,3.790502
8000,8.6440,0.261844,0.058609,0.079322,4.194810
9000,8.6440,0.261844,0.058609,0.079322,4.252738
10000,8.6440,0.261844,0.058609,0.079322,4.182213
11000,8.6440,0.261844,0.058609,0.079322,4.230190
12000,8.6440,0.261844,0.058609,0.079322,4.312337
13000,8.6440,0.261844,0.058609,0.079322,4.232258
14000,8.6440,0.261844,0.058609,0.079322,4.213963
15000,8.6440,0.261844,0.058609,0.079322,4.180300
16000,8.6440,0.261844,0.058609,0.079322,4.177968
17000,8.6440,0.261844,0.058609,0.079322,4.132225
18000,8.6440,0.261844,0.058609,0.079322,4.021658
19000,8.6440,0.261844,0.058609,0.079322,3.470309
20000,8.6440,0.261844,0.058609,0.079322,3.826648
21000,8.6440,0.261844,0.058609,0.079322,3.393745
22000,8.6440,0.261844,0.058609,0.079322,3.643396
23000,8.6440,0.261844,0.058609,0.079322,3.768385
24000,8.6440,0.261844,0.058609,0.079322,2.849523
25000,8.6440,0.261844,0.058609,0.079322,3.998888
26000,8.6440,0.261844,0.058609,0.079322,3.491291
27000,8.6440,0.261844,0.058609,0.079322,3.581152
28000,8.6440,0.261844,0.058609,0.079322,3.378234
29000,8.6440,0.261844,0.058609,0.079322,3.685568
30000,8.6440,0.261844,0.058609,0.079322,3.604407
