Cycle,Area(mm^2),PeakDynamic(W),SubthresholdLeakage(W),GateLeakage(W),RunTimeDynamic(W)
1000,1.3415,0.039994,0.023482,0.002970,0.447499
2000,1.3415,0.039994,0.023482,0.002970,0.227663
3000,1.3415,0.039994,0.023482,0.002970,0.227663
4000,1.3415,0.039994,0.023482,0.002970,0.227663
5000,1.3415,0.039994,0.023482,0.002970,0.227663
6000,1.3415,0.039994,0.023482,0.002970,0.348076
7000,1.3415,0.039994,0.023482,0.002970,0.386320
8000,1.3415,0.039994,0.023482,0.002970,0.436696
9000,1.3415,0.039994,0.023482,0.002970,0.428053
10000,1.3415,0.039994,0.023482,0.002970,0.425590
11000,1.3415,0.039994,0.023482,0.002970,0.424384
12000,1.3415,0.039994,0.023482,0.002970,0.439849
13000,1.3415,0.039994,0.023482,0.002970,0.437783
14000,1.3415,0.039994,0.023482,0.002970,0.427156
15000,1.3415,0.039994,0.023482,0.002970,0.419725
16000,1.3415,0.039994,0.023482,0.002970,0.424218
17000,1.3415,0.039994,0.023482,0.002970,0.411686
18000,1.3415,0.039994,0.023482,0.002970,0.405498
19000,1.3415,0.039994,0.023482,0.002970,0.351156
20000,1.3415,0.039994,0.023482,0.002970,0.390767
21000,1.3415,0.039994,0.023482,0.002970,0.338367
22000,1.3415,0.039994,0.023482,0.002970,0.401228
23000,1.3415,0.039994,0.023482,0.002970,0.394643
24000,1.3415,0.039994,0.023482,0.002970,0.250836
25000,1.3415,0.039994,0.023482,0.002970,0.413536
26000,1.3415,0.039994,0.023482,0.002970,0.384170
27000,1.3415,0.039994,0.023482,0.002970,0.371830
28000,1.3415,0.039994,0.023482,0.002970,0.350329
29000,1.3415,0.039994,0.023482,0.002970,0.344933
30000,1.3415,0.039994,0.023482,0.002970,0.367589
