Cycle,Area(mm^2),PeakDynamic(W),SubthresholdLeakage(W),GateLeakage(W),RunTimeDynamic(W)
1000,0.0324,0.013523,0.002678,0.000431,0.000705
2000,0.0324,0.013523,0.002678,0.000431,0.000000
3000,0.0324,0.013523,0.002678,0.000431,0.000000
4000,0.0324,0.013523,0.002678,0.000431,0.000000
5000,0.0324,0.013523,0.002678,0.000431,0.000000
6000,0.0324,0.013523,0.002678,0.000431,0.001880
7000,0.0324,0.013523,0.002678,0.000431,0.001058
8000,0.0324,0.013523,0.002678,0.000431,0.001528
9000,0.0324,0.013523,0.002678,0.000431,0.001645
10000,0.0324,0.013523,0.002678,0.000431,0.001058
11000,0.0324,0.013523,0.002678,0.000431,0.001410
12000,0.0324,0.013523,0.002678,0.000431,0.001880
13000,0.0324,0.013523,0.002678,0.000431,0.002351
14000,0.0324,0.013523,0.002678,0.000431,0.001763
15000,0.0324,0.013523,0.002678,0.000431,0.002351
16000,0.0324,0.013523,0.002678,0.000431,0.002351
17000,0.0324,0.013523,0.002678,0.000431,0.002468
18000,0.0324,0.013523,0.002678,0.000431,0.002938
19000,0.0324,0.013523,0.002678,0.000431,0.003056
20000,0.0324,0.013523,0.002678,0.000431,0.002938
21000,0.0324,0.013523,0.002678,0.000431,0.002233
22000,0.0324,0.013523,0.002678,0.000431,0.001528
23000,0.0324,0.013523,0.002678,0.000431,0.001293
24000,0.0324,0.013523,0.002678,0.000431,0.001998
25000,0.0324,0.013523,0.002678,0.000431,0.000705
