Cycle,Area(mm^2),PeakDynamic(W),SubthresholdLeakage(W),GateLeakage(W),RunTimeDynamic(W)
1000,8.6440,0.261844,0.058609,0.079322,0.111122
2000,8.6440,0.261844,0.058609,0.079322,0.099603
3000,8.6440,0.261844,0.058609,0.079322,0.099603
4000,8.6440,0.261844,0.058609,0.079322,0.099603
5000,8.6440,0.261844,0.058609,0.079322,0.099603
6000,8.6440,0.261844,0.058609,0.079322,0.135852
7000,8.6440,0.261844,0.058609,0.079322,0.118923
8000,8.6440,0.261844,0.058609,0.079322,0.112781
9000,8.6440,0.261844,0.058609,0.079322,0.104082
10000,8.6440,0.261844,0.058609,0.079322,0.114928
11000,8.6440,0.261844,0.058609,0.079322,0.107467
12000,8.6440,0.261844,0.058609,0.079322,0.122533
13000,8.6440,0.261844,0.058609,0.079322,0.116248
14000,8.6440,0.261844,0.058609,0.079322,0.110543
15000,8.6440,0.261844,0.058609,0.079322,0.117608
16000,8.6440,0.261844,0.058609,0.079322,0.104613
17000,8.6440,0.261844,0.058609,0.079322,0.108553
18000,8.6440,0.261844,0.058609,0.079322,0.104333
19000,8.6440,0.261844,0.058609,0.079322,0.103389
20000,8.6440,0.261844,0.058609,0.079322,0.098102
21000,8.6440,0.261844,0.058609,0.079322,0.097706
22000,8.6440,0.261844,0.058609,0.079322,0.094021
23000,8.6440,0.261844,0.058609,0.079322,0.094243
24000,8.6440,0.261844,0.058609,0.079322,0.096678
