Cycle,Area(mm^2),PeakDynamic(W),SubthresholdLeakage(W),GateLeakage(W),RunTimeDynamic(W)
1000,0.0324,0.013523,0.002678,0.000431,0.000118
2000,0.0324,0.013523,0.002678,0.000431,0.000000
3000,0.0324,0.013523,0.002678,0.000431,0.000000
4000,0.0324,0.013523,0.002678,0.000431,0.000000
5000,0.0324,0.013523,0.002678,0.000431,0.000000
6000,0.0324,0.013523,0.002678,0.000431,0.013868
7000,0.0324,0.013523,0.002678,0.000431,0.018217
8000,0.0324,0.013523,0.002678,0.000431,0.004701
9000,0.0324,0.013523,0.002678,0.000431,0.006229
10000,0.0324,0.013523,0.002678,0.000431,0.005641
11000,0.0324,0.013523,0.002678,0.000431,0.005641
12000,0.0324,0.013523,0.002678,0.000431,0.004584
13000,0.0324,0.013523,0.002678,0.000431,0.006229
14000,0.0324,0.013523,0.002678,0.000431,0.006464
15000,0.0324,0.013523,0.002678,0.000431,0.005289
16000,0.0324,0.013523,0.002678,0.000431,0.002703
17000,0.0324,0.013523,0.002678,0.000431,0.002938
18000,0.0324,0.013523,0.002678,0.000431,0.001998
19000,0.0324,0.013523,0.002678,0.000431,0.001528
20000,0.0324,0.013523,0.002678,0.000431,0.001763
21000,0.0324,0.013523,0.002678,0.000431,0.001645
22000,0.0324,0.013523,0.002678,0.000431,0.000940
23000,0.0324,0.013523,0.002678,0.000431,0.000705
24000,0.0324,0.013523,0.002678,0.000431,0.001058
