Cycle,Area(mm^2),PeakDynamic(W),SubthresholdLeakage(W),GateLeakage(W),RunTimeDynamic(W)
1000,8.6440,0.261844,0.058609,0.079322,0.232108
2000,8.6440,0.261844,0.058609,0.079322,0.113831
3000,8.6440,0.261844,0.058609,0.079322,0.113831
4000,8.6440,0.261844,0.058609,0.079322,0.113831
5000,8.6440,0.261844,0.058609,0.079322,0.113831
6000,8.6440,0.261844,0.058609,0.079322,0.265016
7000,8.6440,0.261844,0.058609,0.079322,0.198288
8000,8.6440,0.261844,0.058609,0.079322,0.181480
9000,8.6440,0.261844,0.058609,0.079322,0.187711
10000,8.6440,0.261844,0.058609,0.079322,0.184411
11000,8.6440,0.261844,0.058609,0.079322,0.173910
12000,8.6440,0.261844,0.058609,0.079322,0.198224
13000,8.6440,0.261844,0.058609,0.079322,0.199412
14000,8.6440,0.261844,0.058609,0.079322,0.201819
15000,8.6440,0.261844,0.058609,0.079322,0.254902
16000,8.6440,0.261844,0.058609,0.079322,0.202669
17000,8.6440,0.261844,0.058609,0.079322,0.172895
18000,8.6440,0.261844,0.058609,0.079322,0.161276
19000,8.6440,0.261844,0.058609,0.079322,0.193905
20000,8.6440,0.261844,0.058609,0.079322,0.152923
21000,8.6440,0.261844,0.058609,0.079322,0.141944
22000,8.6440,0.261844,0.058609,0.079322,0.142460
23000,8.6440,0.261844,0.058609,0.079322,0.121556
24000,8.6440,0.261844,0.058609,0.079322,0.112044
25000,8.6440,0.261844,0.058609,0.079322,0.119504
