Cycle,Area(mm^2),PeakDynamic(W),SubthresholdLeakage(W),GateLeakage(W),RunTimeDynamic(W)
1000,0.7779,0.306348,0.002724,0.000334,0.183894
2000,0.7779,0.306348,0.002724,0.000334,0.183809
3000,0.7779,0.306348,0.002724,0.000334,0.183809
4000,0.7779,0.306348,0.002724,0.000334,0.183809
5000,0.7779,0.306348,0.002724,0.000334,0.183809
6000,0.7779,0.306348,0.002724,0.000334,0.184702
7000,0.7779,0.306348,0.002724,0.000334,0.195776
8000,0.7779,0.306348,0.002724,0.000334,0.184387
9000,0.7779,0.306348,0.002724,0.000334,0.184603
10000,0.7779,0.306348,0.002724,0.000334,0.184571
11000,0.7779,0.306348,0.002724,0.000334,0.184888
12000,0.7779,0.306348,0.002724,0.000334,0.184655
13000,0.7779,0.306348,0.002724,0.000334,0.184492
14000,0.7779,0.306348,0.002724,0.000334,0.184325
15000,0.7779,0.306348,0.002724,0.000334,0.184072
16000,0.7779,0.306348,0.002724,0.000334,0.184124
17000,0.7779,0.306348,0.002724,0.000334,0.184218
18000,0.7779,0.306348,0.002724,0.000334,0.184077
19000,0.7779,0.306348,0.002724,0.000334,0.184095
20000,0.7779,0.306348,0.002724,0.000334,0.184072
21000,0.7779,0.306348,0.002724,0.000334,0.183978
22000,0.7779,0.306348,0.002724,0.000334,0.184209
23000,0.7779,0.306348,0.002724,0.000334,0.183903
24000,0.7779,0.306348,0.002724,0.000334,0.183903
25000,0.7779,0.306348,0.002724,0.000334,0.183832
