Cycle,Area(mm^2),PeakDynamic(W),SubthresholdLeakage(W),GateLeakage(W),RunTimeDynamic(W)
1000,0.0324,0.013523,0.002678,0.000431,0.041017
2000,0.0324,0.013523,0.002678,0.000431,0.000000
3000,0.0324,0.013523,0.002678,0.000431,0.000000
4000,0.0324,0.013523,0.002678,0.000431,0.000000
5000,0.0324,0.013523,0.002678,0.000431,0.000000
6000,0.0324,0.013523,0.002678,0.000431,0.074865
7000,0.0324,0.013523,0.002678,0.000431,0.170533
8000,0.0324,0.013523,0.002678,0.000431,0.108479
9000,0.0324,0.013523,0.002678,0.000431,0.019980
10000,0.0324,0.013523,0.002678,0.000431,0.123287
11000,0.0324,0.013523,0.002678,0.000431,0.212726
12000,0.0324,0.013523,0.002678,0.000431,0.220718
