Cycle,Area(mm^2),PeakDynamic(W),PeakDynamicEnergy(W),clockRate(MHz),SubthresholdLeakage(W),GateLeakage(W),RunTimeDynamic(W)
1000,13.0892,0.726309,0.000000,700000000.000000,0.432316,0.001509,0.085838
2000,13.0892,0.726309,0.000000,700000000.000000,0.432316,0.001509,0.078260
3000,13.0892,0.726309,0.000000,700000000.000000,0.432316,0.001509,0.078260
4000,13.0892,0.726309,0.000000,700000000.000000,0.432316,0.001509,0.078260
5000,13.0892,0.726309,0.000000,700000000.000000,0.432316,0.001509,0.078260
6000,13.0892,0.726309,0.000000,700000000.000000,0.432316,0.001509,17.865179
7000,13.0892,0.726309,0.000000,700000000.000000,0.432316,0.001509,11.732825
8000,13.0892,0.726309,0.000000,700000000.000000,0.432316,0.001509,18.766810
9000,13.0892,0.726309,0.000000,700000000.000000,0.432316,0.001509,11.823164
