Cycle,Area(mm^2),PeakDynamic(W),SubthresholdLeakage(W),GateLeakage(W),RunTimeDynamic(W)
1000,8.6440,0.261844,0.058609,0.079322,0.083631
2000,8.6440,0.261844,0.058609,0.079322,0.078260
3000,8.6440,0.261844,0.058609,0.079322,0.078260
4000,8.6440,0.261844,0.058609,0.079322,0.078260
5000,8.6440,0.261844,0.058609,0.079322,0.078260
6000,8.6440,0.261844,0.058609,0.079322,2.258798
7000,8.6440,0.261844,0.058609,0.079322,2.467465
8000,8.6440,0.261844,0.058609,0.079322,3.908507
9000,8.6440,0.261844,0.058609,0.079322,3.011977
