Cycle,Area(mm^2),PeakDynamic(W),SubthresholdLeakage(W),GateLeakage(W),RunTimeDynamic(W)
1000,1.3415,0.039994,0.023482,0.002970,0.083663
2000,1.3415,0.039994,0.023482,0.002970,0.078260
3000,1.3415,0.039994,0.023482,0.002970,0.078260
4000,1.3415,0.039994,0.023482,0.002970,0.078260
5000,1.3415,0.039994,0.023482,0.002970,0.078260
6000,1.3415,0.039994,0.023482,0.002970,0.345311
7000,1.3415,0.039994,0.023482,0.002970,0.251422
8000,1.3415,0.039994,0.023482,0.002970,0.376563
9000,1.3415,0.039994,0.023482,0.002970,0.247971
