Cycle,Area(mm^2),PeakDynamic(W),SubthresholdLeakage(W),GateLeakage(W),RunTimeDynamic(W)
1000,23.8212,1.028147,0.538949,0.086720,8.715956
2000,23.8212,1.028147,0.538949,0.086720,8.718529
3000,23.8212,1.028147,0.538949,0.086720,8.718529
4000,23.8212,1.028147,0.538949,0.086720,8.718529
5000,23.8212,1.028147,0.538949,0.086720,8.718529
6000,23.8212,1.028147,0.538949,0.086720,20.477773
7000,23.8212,1.028147,0.538949,0.086720,14.451712
8000,23.8212,1.028147,0.538949,0.086720,23.051879
9000,23.8212,1.028147,0.538949,0.086720,15.083112
