Cycle,Area(mm^2),PeakPower(W),TotalLeakage(W),PeakDynamic(W),SubthresholdLeakage(W),GateLeakage(W),RunTimeDynamic(W)
1000,40.6137,7.425191,0.693847,6.731343,0.599781,0.094066,9.271626
2000,40.6137,7.425191,0.693847,6.731343,0.599781,0.094066,9.268749
3000,40.6137,7.425191,0.693847,6.731343,0.599781,0.094066,9.268749
4000,40.6137,7.425191,0.693847,6.731343,0.599781,0.094066,9.268749
5000,40.6137,7.425191,0.693847,6.731343,0.599781,0.094066,9.268749
6000,40.6137,7.425191,0.693847,6.731343,0.599781,0.094066,26.489006
7000,40.6137,7.425191,0.693847,6.731343,0.599781,0.094066,32.083409
8000,40.6137,7.425191,0.693847,6.731343,0.599781,0.094066,42.434732
9000,40.6137,7.425191,0.693847,6.731343,0.599781,0.094066,33.234705
