Cycle,Area(mm^2),PeakDynamic(W),PeakDynamicEnergy(W),clockRate(MHz),SubthresholdLeakage(W),GateLeakage(W),RunTimeDynamic(W)
1000,13.0892,0.726309,0.000000,700000000.000000,0.432316,0.001509,0.262189
2000,13.0892,0.726309,0.000000,700000000.000000,0.432316,0.001509,0.192093
3000,13.0892,0.726309,0.000000,700000000.000000,0.432316,0.001509,0.192093
4000,13.0892,0.726309,0.000000,700000000.000000,0.432316,0.001509,0.192093
5000,13.0892,0.726309,0.000000,700000000.000000,0.432316,0.001509,0.192093
6000,13.0892,0.726309,0.000000,700000000.000000,0.432316,0.001509,13.465112
