Cycle,Area(mm^2),PeakDynamic(W),SubthresholdLeakage(W),GateLeakage(W),RunTimeDynamic(W)
1000,23.8212,1.028147,0.538949,0.086720,9.162299
2000,23.8212,1.028147,0.538949,0.086720,9.060029
3000,23.8212,1.028147,0.538949,0.086720,9.060029
4000,23.8212,1.028147,0.538949,0.086720,9.060029
5000,23.8212,1.028147,0.538949,0.086720,9.060029
6000,23.8212,1.028147,0.538949,0.086720,15.995835
