Cycle,Area(mm^2),PeakPower(W),TotalLeakage(W),PeakDynamic(W),SubthresholdLeakage(W),GateLeakage(W),RunTimeDynamic(W)
1000,40.6137,7.425191,0.693847,6.731343,0.599781,0.094066,9.718047
2000,40.6137,7.425191,0.693847,6.731343,0.599781,0.094066,9.610249
3000,40.6137,7.425191,0.693847,6.731343,0.599781,0.094066,9.610249
4000,40.6137,7.425191,0.693847,6.731343,0.599781,0.094066,9.610249
5000,40.6137,7.425191,0.693847,6.731343,0.599781,0.094066,9.610249
6000,40.6137,7.425191,0.693847,6.731343,0.599781,0.094066,22.568506
