Cycle,Area(mm^2),PeakDynamic(W),SubthresholdLeakage(W),GateLeakage(W),RunTimeDynamic(W)
1000,8.6440,0.261844,0.058609,0.079322,0.207377
2000,8.6440,0.261844,0.058609,0.079322,0.113831
3000,8.6440,0.261844,0.058609,0.079322,0.113831
4000,8.6440,0.261844,0.058609,0.079322,0.113831
5000,8.6440,0.261844,0.058609,0.079322,0.113831
6000,8.6440,0.261844,0.058609,0.079322,0.112638
7000,8.6440,0.261844,0.058609,0.079322,0.109286
8000,8.6440,0.261844,0.058609,0.079322,0.111244
9000,8.6440,0.261844,0.058609,0.079322,0.111808
