Cycle,Area(mm^2),PeakDynamic(W),SubthresholdLeakage(W),GateLeakage(W),RunTimeDynamic(W)
1000,23.8212,1.028147,0.538949,0.086720,8.960618
2000,23.8212,1.028147,0.538949,0.086720,8.825244
3000,23.8212,1.028147,0.538949,0.086720,8.825244
4000,23.8212,1.028147,0.538949,0.086720,8.825244
5000,23.8212,1.028147,0.538949,0.086720,8.825244
6000,23.8212,1.028147,0.538949,0.086720,8.665285
7000,23.8212,1.028147,0.538949,0.086720,8.541443
8000,23.8212,1.028147,0.538949,0.086720,8.550842
9000,23.8212,1.028147,0.538949,0.086720,8.535276
