Cycle,Area(mm^2),PeakDynamic(W),SubthresholdLeakage(W),GateLeakage(W),RunTimeDynamic(W)
1000,1.3415,0.039994,0.023482,0.002970,0.378030
2000,1.3415,0.039994,0.023482,0.002970,0.213435
3000,1.3415,0.039994,0.023482,0.002970,0.213435
4000,1.3415,0.039994,0.023482,0.002970,0.213435
5000,1.3415,0.039994,0.023482,0.002970,0.213435
6000,1.3415,0.039994,0.023482,0.002970,0.347439
7000,1.3415,0.039994,0.023482,0.002970,0.384427
8000,1.3415,0.039994,0.023482,0.002970,0.446649
9000,1.3415,0.039994,0.023482,0.002970,0.291067
