Cycle,Area(mm^2),PeakDynamic(W),PeakDynamicEnergy(W),clockRate(MHz),SubthresholdLeakage(W),GateLeakage(W),RunTimeDynamic(W)
1000,13.0892,0.726309,0.000000,700000000.000000,0.432316,0.001509,0.389525
2000,13.0892,0.726309,0.000000,700000000.000000,0.432316,0.001509,0.213435
3000,13.0892,0.726309,0.000000,700000000.000000,0.432316,0.001509,0.213435
4000,13.0892,0.726309,0.000000,700000000.000000,0.432316,0.001509,0.213435
5000,13.0892,0.726309,0.000000,700000000.000000,0.432316,0.001509,0.213435
6000,13.0892,0.726309,0.000000,700000000.000000,0.432316,0.001509,17.904646
7000,13.0892,0.726309,0.000000,700000000.000000,0.432316,0.001509,18.700579
8000,13.0892,0.726309,0.000000,700000000.000000,0.432316,0.001509,21.849263
9000,13.0892,0.726309,0.000000,700000000.000000,0.432316,0.001509,13.932024
