Cycle,Area(mm^2),PeakDynamic(W),SubthresholdLeakage(W),GateLeakage(W),RunTimeDynamic(W)
1000,1.3415,0.039994,0.023482,0.002970,0.286026
2000,1.3415,0.039994,0.023482,0.002970,0.220548
3000,1.3415,0.039994,0.023482,0.002970,0.220548
4000,1.3415,0.039994,0.023482,0.002970,0.220548
5000,1.3415,0.039994,0.023482,0.002970,0.220548
6000,1.3415,0.039994,0.023482,0.002970,0.267304
7000,1.3415,0.039994,0.023482,0.002970,0.322382
8000,1.3415,0.039994,0.023482,0.002970,0.335545
9000,1.3415,0.039994,0.023482,0.002970,0.333209
10000,1.3415,0.039994,0.023482,0.002970,0.356350
11000,1.3415,0.039994,0.023482,0.002970,0.332819
12000,1.3415,0.039994,0.023482,0.002970,0.344594
13000,1.3415,0.039994,0.023482,0.002970,0.338032
14000,1.3415,0.039994,0.023482,0.002970,0.338097
15000,1.3415,0.039994,0.023482,0.002970,0.346834
16000,1.3415,0.039994,0.023482,0.002970,0.348955
17000,1.3415,0.039994,0.023482,0.002970,0.337153
18000,1.3415,0.039994,0.023482,0.002970,0.340095
19000,1.3415,0.039994,0.023482,0.002970,0.329000
20000,1.3415,0.039994,0.023482,0.002970,0.339999
21000,1.3415,0.039994,0.023482,0.002970,0.337659
22000,1.3415,0.039994,0.023482,0.002970,0.345178
23000,1.3415,0.039994,0.023482,0.002970,0.336336
24000,1.3415,0.039994,0.023482,0.002970,0.332001
25000,1.3415,0.039994,0.023482,0.002970,0.334611
26000,1.3415,0.039994,0.023482,0.002970,0.339025
27000,1.3415,0.039994,0.023482,0.002970,0.334545
28000,1.3415,0.039994,0.023482,0.002970,0.332132
29000,1.3415,0.039994,0.023482,0.002970,0.325956
30000,1.3415,0.039994,0.023482,0.002970,0.329833
31000,1.3415,0.039994,0.023482,0.002970,0.134564
