Cycle,Area(mm^2),PeakDynamic(W),SubthresholdLeakage(W),GateLeakage(W),RunTimeDynamic(W)
1000,0.2191,0.065854,0.000377,0.000034,0.039664
2000,0.2191,0.065854,0.000377,0.000034,0.039512
3000,0.2191,0.065854,0.000377,0.000034,0.039512
4000,0.2191,0.065854,0.000377,0.000034,0.039512
5000,0.2191,0.065854,0.000377,0.000034,0.039512
6000,0.2191,0.065854,0.000377,0.000034,0.493864
7000,0.2191,0.065854,0.000377,0.000034,0.639699
8000,0.2191,0.065854,0.000377,0.000034,0.670041
9000,0.2191,0.065854,0.000377,0.000034,0.658512
10000,0.2191,0.065854,0.000377,0.000034,0.707441
11000,0.2191,0.065854,0.000377,0.000034,0.699078
12000,0.2191,0.065854,0.000377,0.000034,0.691955
13000,0.2191,0.065854,0.000377,0.000034,0.699295
14000,0.2191,0.065854,0.000377,0.000034,0.691235
15000,0.2191,0.065854,0.000377,0.000034,0.672020
16000,0.2191,0.065854,0.000377,0.000034,0.688657
17000,0.2191,0.065854,0.000377,0.000034,0.686079
18000,0.2191,0.065854,0.000377,0.000034,0.688535
19000,0.2191,0.065854,0.000377,0.000034,0.692254
20000,0.2191,0.065854,0.000377,0.000034,0.671145
21000,0.2191,0.065854,0.000377,0.000034,0.670662
22000,0.2191,0.065854,0.000377,0.000034,0.665585
23000,0.2191,0.065854,0.000377,0.000034,0.694487
24000,0.2191,0.065854,0.000377,0.000034,0.654209
25000,0.2191,0.065854,0.000377,0.000034,0.671649
26000,0.2191,0.065854,0.000377,0.000034,0.673094
27000,0.2191,0.065854,0.000377,0.000034,0.660471
28000,0.2191,0.065854,0.000377,0.000034,0.671298
29000,0.2191,0.065854,0.000377,0.000034,0.639649
30000,0.2191,0.065854,0.000377,0.000034,0.644342
31000,0.2191,0.065854,0.000377,0.000034,0.298425
