Cycle,Area(mm^2),PeakDynamic(W),SubthresholdLeakage(W),GateLeakage(W),RunTimeDynamic(W)
1000,15.7031,5.502199,0.052647,0.006391,0.550372
2000,15.7031,5.502199,0.052647,0.006391,0.550220
3000,15.7031,5.502199,0.052647,0.006391,0.550220
4000,15.7031,5.502199,0.052647,0.006391,0.550220
5000,15.7031,5.502199,0.052647,0.006391,0.550220
6000,15.7031,5.502199,0.052647,0.006391,11.647230
7000,15.7031,5.502199,0.052647,0.006391,11.436895
8000,15.7031,5.502199,0.052647,0.006391,11.959271
9000,15.7031,5.502199,0.052647,0.006391,11.995121
10000,15.7031,5.502199,0.052647,0.006391,12.086588
11000,15.7031,5.502199,0.052647,0.006391,12.420073
12000,15.7031,5.502199,0.052647,0.006391,12.423386
13000,15.7031,5.502199,0.052647,0.006391,11.821262
14000,15.7031,5.502199,0.052647,0.006391,11.501690
15000,15.7031,5.502199,0.052647,0.006391,11.278789
16000,15.7031,5.502199,0.052647,0.006391,10.914830
17000,15.7031,5.502199,0.052647,0.006391,10.300728
18000,15.7031,5.502199,0.052647,0.006391,9.937407
19000,15.7031,5.502199,0.052647,0.006391,10.934103
20000,15.7031,5.502199,0.052647,0.006391,10.562388
21000,15.7031,5.502199,0.052647,0.006391,10.167121
22000,15.7031,5.502199,0.052647,0.006391,9.905442
23000,15.7031,5.502199,0.052647,0.006391,10.835848
24000,15.7031,5.502199,0.052647,0.006391,10.765825
25000,15.7031,5.502199,0.052647,0.006391,10.920175
26000,15.7031,5.502199,0.052647,0.006391,11.000455
27000,15.7031,5.502199,0.052647,0.006391,13.213637
28000,15.7031,5.502199,0.052647,0.006391,13.909019
29000,15.7031,5.502199,0.052647,0.006391,13.720765
30000,15.7031,5.502199,0.052647,0.006391,13.869220
31000,15.7031,5.502199,0.052647,0.006391,8.936666
