Cycle,Area(mm^2),PeakDynamic(W),SubthresholdLeakage(W),GateLeakage(W),RunTimeDynamic(W)
1000,1.3415,0.039994,0.023482,0.002970,0.200985
2000,1.3415,0.039994,0.023482,0.002970,0.099603
3000,1.3415,0.039994,0.023482,0.002970,0.099603
4000,1.3415,0.039994,0.023482,0.002970,0.099603
5000,1.3415,0.039994,0.023482,0.002970,0.099603
6000,1.3415,0.039994,0.023482,0.002970,0.105397
7000,1.3415,0.039994,0.023482,0.002970,0.098970
8000,1.3415,0.039994,0.023482,0.002970,0.100338
9000,1.3415,0.039994,0.023482,0.002970,0.099917
10000,1.3415,0.039994,0.023482,0.002970,0.100187
11000,1.3415,0.039994,0.023482,0.002970,0.099977
12000,1.3415,0.039994,0.023482,0.002970,0.098948
13000,1.3415,0.039994,0.023482,0.002970,0.098985
14000,1.3415,0.039994,0.023482,0.002970,0.099552
15000,1.3415,0.039994,0.023482,0.002970,0.099744
16000,1.3415,0.039994,0.023482,0.002970,0.100553
17000,1.3415,0.039994,0.023482,0.002970,0.098786
18000,1.3415,0.039994,0.023482,0.002970,0.099195
19000,1.3415,0.039994,0.023482,0.002970,0.099078
20000,1.3415,0.039994,0.023482,0.002970,0.100457
21000,1.3415,0.039994,0.023482,0.002970,0.099887
22000,1.3415,0.039994,0.023482,0.002970,0.097754
23000,1.3415,0.039994,0.023482,0.002970,0.099671
24000,1.3415,0.039994,0.023482,0.002970,0.100256
25000,1.3415,0.039994,0.023482,0.002970,0.099522
26000,1.3415,0.039994,0.023482,0.002970,0.100455
27000,1.3415,0.039994,0.023482,0.002970,0.100129
28000,1.3415,0.039994,0.023482,0.002970,0.100174
29000,1.3415,0.039994,0.023482,0.002970,0.101339
30000,1.3415,0.039994,0.023482,0.002970,0.102226
31000,1.3415,0.039994,0.023482,0.002970,0.100027
32000,1.3415,0.039994,0.023482,0.002970,0.099415
33000,1.3415,0.039994,0.023482,0.002970,0.098902
34000,1.3415,0.039994,0.023482,0.002970,0.097733
35000,1.3415,0.039994,0.023482,0.002970,0.096796
36000,1.3415,0.039994,0.023482,0.002970,0.096487
37000,1.3415,0.039994,0.023482,0.002970,0.101886
38000,1.3415,0.039994,0.023482,0.002970,0.108274
39000,1.3415,0.039994,0.023482,0.002970,0.107542
40000,1.3415,0.039994,0.023482,0.002970,0.107702
