Cycle,Area(mm^2),PeakDynamic(W),SubthresholdLeakage(W),GateLeakage(W),RunTimeDynamic(W)
1000,1.0570,0.187474,0.005507,0.000525,0.000469
2000,1.0570,0.187474,0.005507,0.000525,0.000000
3000,1.0570,0.187474,0.005507,0.000525,0.000000
4000,1.0570,0.187474,0.005507,0.000525,0.000000
5000,1.0570,0.187474,0.005507,0.000525,0.000000
6000,1.0570,0.187474,0.005507,0.000525,0.043254
7000,1.0570,0.187474,0.005507,0.000525,0.133127
8000,1.0570,0.187474,0.005507,0.000525,0.153072
9000,1.0570,0.187474,0.005507,0.000525,0.144803
10000,1.0570,0.187474,0.005507,0.000525,0.139974
11000,1.0570,0.187474,0.005507,0.000525,0.148748
12000,1.0570,0.187474,0.005507,0.000525,0.148330
13000,1.0570,0.187474,0.005507,0.000525,0.141616
14000,1.0570,0.187474,0.005507,0.000525,0.149341
15000,1.0570,0.187474,0.005507,0.000525,0.144587
16000,1.0570,0.187474,0.005507,0.000525,0.147902
17000,1.0570,0.187474,0.005507,0.000525,0.107316
18000,1.0570,0.187474,0.005507,0.000525,0.033092
19000,1.0570,0.187474,0.005507,0.000525,0.044940
20000,1.0570,0.187474,0.005507,0.000525,0.035495
21000,1.0570,0.187474,0.005507,0.000525,0.034941
22000,1.0570,0.187474,0.005507,0.000525,0.033199
23000,1.0570,0.187474,0.005507,0.000525,0.034573
24000,1.0570,0.187474,0.005507,0.000525,0.034036
25000,1.0570,0.187474,0.005507,0.000525,0.034326
26000,1.0570,0.187474,0.005507,0.000525,0.033727
27000,1.0570,0.187474,0.005507,0.000525,0.034053
28000,1.0570,0.187474,0.005507,0.000525,0.034850
29000,1.0570,0.187474,0.005507,0.000525,0.033218
30000,1.0570,0.187474,0.005507,0.000525,0.032661
31000,1.0570,0.187474,0.005507,0.000525,0.025868
