Cycle,Area(mm^2),PeakDynamic(W),SubthresholdLeakage(W),GateLeakage(W),RunTimeDynamic(W)
1000,23.8212,1.028147,0.538949,0.086720,8.796827
2000,23.8212,1.028147,0.538949,0.086720,8.910620
3000,23.8212,1.028147,0.538949,0.086720,8.910620
4000,23.8212,1.028147,0.538949,0.086720,8.910620
5000,23.8212,1.028147,0.538949,0.086720,8.910620
6000,23.8212,1.028147,0.538949,0.086720,15.234196
7000,23.8212,1.028147,0.538949,0.086720,20.236008
8000,23.8212,1.028147,0.538949,0.086720,22.941522
9000,23.8212,1.028147,0.538949,0.086720,21.663755
10000,23.8212,1.028147,0.538949,0.086720,21.854796
11000,23.8212,1.028147,0.538949,0.086720,21.296883
12000,23.8212,1.028147,0.538949,0.086720,22.487824
13000,23.8212,1.028147,0.538949,0.086720,21.709932
14000,23.8212,1.028147,0.538949,0.086720,22.178482
15000,23.8212,1.028147,0.538949,0.086720,21.632176
16000,23.8212,1.028147,0.538949,0.086720,21.605898
17000,23.8212,1.028147,0.538949,0.086720,20.140276
18000,23.8212,1.028147,0.538949,0.086720,18.880670
19000,23.8212,1.028147,0.538949,0.086720,19.003913
20000,23.8212,1.028147,0.538949,0.086720,19.110940
21000,23.8212,1.028147,0.538949,0.086720,18.937187
22000,23.8212,1.028147,0.538949,0.086720,19.176892
23000,23.8212,1.028147,0.538949,0.086720,19.336314
24000,23.8212,1.028147,0.538949,0.086720,19.152668
25000,23.8212,1.028147,0.538949,0.086720,19.587859
26000,23.8212,1.028147,0.538949,0.086720,18.837911
27000,23.8212,1.028147,0.538949,0.086720,18.694488
28000,23.8212,1.028147,0.538949,0.086720,18.873290
29000,23.8212,1.028147,0.538949,0.086720,18.938018
30000,23.8212,1.028147,0.538949,0.086720,18.854896
31000,23.8212,1.028147,0.538949,0.086720,10.657767
