Cycle,Area(mm^2),PeakDynamic(W),SubthresholdLeakage(W),GateLeakage(W),RunTimeDynamic(W)
1000,0.2191,0.065854,0.000377,0.000034,0.040168
2000,0.2191,0.065854,0.000377,0.000034,0.039512
3000,0.2191,0.065854,0.000377,0.000034,0.039512
4000,0.2191,0.065854,0.000377,0.000034,0.039512
5000,0.2191,0.065854,0.000377,0.000034,0.039512
6000,0.2191,0.065854,0.000377,0.000034,0.050029
7000,0.2191,0.065854,0.000377,0.000034,0.052232
8000,0.2191,0.065854,0.000377,0.000034,0.045018
9000,0.2191,0.065854,0.000377,0.000034,0.048429
10000,0.2191,0.065854,0.000377,0.000034,0.048852
11000,0.2191,0.065854,0.000377,0.000034,0.050509
12000,0.2191,0.065854,0.000377,0.000034,0.050646
13000,0.2191,0.065854,0.000377,0.000034,0.047198
14000,0.2191,0.065854,0.000377,0.000034,0.049819
15000,0.2191,0.065854,0.000377,0.000034,0.049168
16000,0.2191,0.065854,0.000377,0.000034,0.046707
17000,0.2191,0.065854,0.000377,0.000034,0.044538
18000,0.2191,0.065854,0.000377,0.000034,0.045268
19000,0.2191,0.065854,0.000377,0.000034,0.042809
20000,0.2191,0.065854,0.000377,0.000034,0.042703
21000,0.2191,0.065854,0.000377,0.000034,0.041255
22000,0.2191,0.065854,0.000377,0.000034,0.040672
