Cycle,Area(mm^2),PeakDynamic(W),SubthresholdLeakage(W),GateLeakage(W),RunTimeDynamic(W)
1000,15.7031,5.502199,0.052647,0.006391,0.550876
2000,15.7031,5.502199,0.052647,0.006391,0.550220
3000,15.7031,5.502199,0.052647,0.006391,0.550220
4000,15.7031,5.502199,0.052647,0.006391,0.550220
5000,15.7031,5.502199,0.052647,0.006391,0.550220
6000,15.7031,5.502199,0.052647,0.006391,0.668120
7000,15.7031,5.502199,0.052647,0.006391,0.829438
8000,15.7031,5.502199,0.052647,0.006391,0.566980
9000,15.7031,5.502199,0.052647,0.006391,0.599890
10000,15.7031,5.502199,0.052647,0.006391,0.598862
11000,15.7031,5.502199,0.052647,0.006391,0.593529
12000,15.7031,5.502199,0.052647,0.006391,0.576331
13000,15.7031,5.502199,0.052647,0.006391,0.578055
14000,15.7031,5.502199,0.052647,0.006391,0.577408
15000,15.7031,5.502199,0.052647,0.006391,0.571131
16000,15.7031,5.502199,0.052647,0.006391,0.571937
17000,15.7031,5.502199,0.052647,0.006391,0.566500
18000,15.7031,5.502199,0.052647,0.006391,0.561603
19000,15.7031,5.502199,0.052647,0.006391,0.559144
20000,15.7031,5.502199,0.052647,0.006391,0.556224
21000,15.7031,5.502199,0.052647,0.006391,0.554777
22000,15.7031,5.502199,0.052647,0.006391,0.551380
