Cycle,Area(mm^2),PeakDynamic(W),SubthresholdLeakage(W),GateLeakage(W),RunTimeDynamic(W)
1000,23.8212,1.028147,0.538949,0.086720,9.065658
2000,23.8212,1.028147,0.538949,0.086720,8.953308
3000,23.8212,1.028147,0.538949,0.086720,8.953308
4000,23.8212,1.028147,0.538949,0.086720,8.953308
5000,23.8212,1.028147,0.538949,0.086720,8.953308
6000,23.8212,1.028147,0.538949,0.086720,8.924171
7000,23.8212,1.028147,0.538949,0.086720,8.854793
8000,23.8212,1.028147,0.538949,0.086720,8.789610
9000,23.8212,1.028147,0.538949,0.086720,8.784966
10000,23.8212,1.028147,0.538949,0.086720,8.795280
11000,23.8212,1.028147,0.538949,0.086720,8.791961
12000,23.8212,1.028147,0.538949,0.086720,8.807061
13000,23.8212,1.028147,0.538949,0.086720,8.794928
14000,23.8212,1.028147,0.538949,0.086720,8.825511
15000,23.8212,1.028147,0.538949,0.086720,8.841922
16000,23.8212,1.028147,0.538949,0.086720,8.805658
17000,23.8212,1.028147,0.538949,0.086720,8.787666
18000,23.8212,1.028147,0.538949,0.086720,8.809311
19000,23.8212,1.028147,0.538949,0.086720,8.775158
20000,23.8212,1.028147,0.538949,0.086720,8.765384
21000,23.8212,1.028147,0.538949,0.086720,8.727809
22000,23.8212,1.028147,0.538949,0.086720,8.698633
