Cycle,Area(mm^2),PeakDynamic(W),SubthresholdLeakage(W),GateLeakage(W),RunTimeDynamic(W)
1000,8.6440,0.261844,0.058609,0.079322,0.233438
2000,8.6440,0.261844,0.058609,0.079322,0.128061
3000,8.6440,0.261844,0.058609,0.079322,0.128061
4000,8.6440,0.261844,0.058609,0.079322,0.128061
5000,8.6440,0.261844,0.058609,0.079322,0.128061
6000,8.6440,0.261844,0.058609,0.079322,0.138714
7000,8.6440,0.261844,0.058609,0.079322,0.140807
8000,8.6440,0.261844,0.058609,0.079322,0.140214
9000,8.6440,0.261844,0.058609,0.079322,0.133051
10000,8.6440,0.261844,0.058609,0.079322,0.135198
11000,8.6440,0.261844,0.058609,0.079322,0.141844
12000,8.6440,0.261844,0.058609,0.079322,0.142858
13000,8.6440,0.261844,0.058609,0.079322,0.140230
14000,8.6440,0.261844,0.058609,0.079322,0.134830
15000,8.6440,0.261844,0.058609,0.079322,0.133735
16000,8.6440,0.261844,0.058609,0.079322,0.141337
