Cycle,Area(mm^2),PeakDynamic(W),SubthresholdLeakage(W),GateLeakage(W),RunTimeDynamic(W)
1000,1.0570,0.187474,0.005507,0.000525,0.000637
2000,1.0570,0.187474,0.005507,0.000525,0.000000
3000,1.0570,0.187474,0.005507,0.000525,0.000000
4000,1.0570,0.187474,0.005507,0.000525,0.000000
5000,1.0570,0.187474,0.005507,0.000525,0.000000
6000,1.0570,0.187474,0.005507,0.000525,0.000706
7000,1.0570,0.187474,0.005507,0.000525,0.000694
8000,1.0570,0.187474,0.005507,0.000525,0.000194
9000,1.0570,0.187474,0.005507,0.000525,0.000376
10000,1.0570,0.187474,0.005507,0.000525,0.000668
11000,1.0570,0.187474,0.005507,0.000525,0.000376
12000,1.0570,0.187474,0.005507,0.000525,0.000562
13000,1.0570,0.187474,0.005507,0.000525,0.000200
14000,1.0570,0.187474,0.005507,0.000525,0.000744
15000,1.0570,0.187474,0.005507,0.000525,0.000382
16000,1.0570,0.187474,0.005507,0.000525,0.000562
