Cycle,Area(mm^2),PeakDynamic(W),SubthresholdLeakage(W),GateLeakage(W),RunTimeDynamic(W)
1000,15.7031,5.502199,0.052647,0.006391,0.550469
2000,15.7031,5.502199,0.052647,0.006391,0.550220
3000,15.7031,5.502199,0.052647,0.006391,0.550220
4000,15.7031,5.502199,0.052647,0.006391,0.550220
5000,15.7031,5.502199,0.052647,0.006391,0.550220
6000,15.7031,5.502199,0.052647,0.006391,0.553210
7000,15.7031,5.502199,0.052647,0.006391,0.558977
8000,15.7031,5.502199,0.052647,0.006391,0.550757
9000,15.7031,5.502199,0.052647,0.006391,0.550881
10000,15.7031,5.502199,0.052647,0.006391,0.550658
11000,15.7031,5.502199,0.052647,0.006391,0.550953
12000,15.7031,5.502199,0.052647,0.006391,0.550594
13000,15.7031,5.502199,0.052647,0.006391,0.556232
14000,15.7031,5.502199,0.052647,0.006391,0.550820
15000,15.7031,5.502199,0.052647,0.006391,0.550881
16000,15.7031,5.502199,0.052647,0.006391,0.550953
17000,15.7031,5.502199,0.052647,0.006391,0.550586
18000,15.7031,5.502199,0.052647,0.006391,0.550753
19000,15.7031,5.502199,0.052647,0.006391,0.556074
20000,15.7031,5.502199,0.052647,0.006391,0.551115
21000,15.7031,5.502199,0.052647,0.006391,0.550737
22000,15.7031,5.502199,0.052647,0.006391,0.550802
