Cycle,Area(mm^2),PeakDynamic(W),SubthresholdLeakage(W),GateLeakage(W),RunTimeDynamic(W)
1000,0.0324,0.013523,0.002678,0.000431,0.000705
2000,0.0324,0.013523,0.002678,0.000431,0.000000
3000,0.0324,0.013523,0.002678,0.000431,0.000000
4000,0.0324,0.013523,0.002678,0.000431,0.000000
5000,0.0324,0.013523,0.002678,0.000431,0.000000
6000,0.0324,0.013523,0.002678,0.000431,0.000588
7000,0.0324,0.013523,0.002678,0.000431,0.000940
8000,0.0324,0.013523,0.002678,0.000431,0.001175
9000,0.0324,0.013523,0.002678,0.000431,0.000940
10000,0.0324,0.013523,0.002678,0.000431,0.001175
11000,0.0324,0.013523,0.002678,0.000431,0.001175
12000,0.0324,0.013523,0.002678,0.000431,0.001175
13000,0.0324,0.013523,0.002678,0.000431,0.000940
14000,0.0324,0.013523,0.002678,0.000431,0.001058
15000,0.0324,0.013523,0.002678,0.000431,0.001293
16000,0.0324,0.013523,0.002678,0.000431,0.001058
17000,0.0324,0.013523,0.002678,0.000431,0.001175
18000,0.0324,0.013523,0.002678,0.000431,0.001175
19000,0.0324,0.013523,0.002678,0.000431,0.000823
20000,0.0324,0.013523,0.002678,0.000431,0.001175
21000,0.0324,0.013523,0.002678,0.000431,0.001175
22000,0.0324,0.013523,0.002678,0.000431,0.001175
