Cycle,Area(mm^2),PeakDynamic(W),SubthresholdLeakage(W),GateLeakage(W),RunTimeDynamic(W)
1000,1.0570,0.187474,0.005507,0.000525,0.000365
2000,1.0570,0.187474,0.005507,0.000525,0.000000
3000,1.0570,0.187474,0.005507,0.000525,0.000000
4000,1.0570,0.187474,0.005507,0.000525,0.000000
5000,1.0570,0.187474,0.005507,0.000525,0.000000
6000,1.0570,0.187474,0.005507,0.000525,0.000106
7000,1.0570,0.187474,0.005507,0.000525,0.000106
8000,1.0570,0.187474,0.005507,0.000525,0.000553
9000,1.0570,0.187474,0.005507,0.000525,0.000650
10000,1.0570,0.187474,0.005507,0.000525,0.001018
11000,1.0570,0.187474,0.005507,0.000525,0.001018
12000,1.0570,0.187474,0.005507,0.000525,0.000744
13000,1.0570,0.187474,0.005507,0.000525,0.000474
14000,1.0570,0.187474,0.005507,0.000525,0.000553
15000,1.0570,0.187474,0.005507,0.000525,0.001018
16000,1.0570,0.187474,0.005507,0.000525,0.000650
17000,1.0570,0.187474,0.005507,0.000525,0.001112
18000,1.0570,0.187474,0.005507,0.000525,0.000650
19000,1.0570,0.187474,0.005507,0.000525,0.000474
20000,1.0570,0.187474,0.005507,0.000525,0.000827
21000,1.0570,0.187474,0.005507,0.000525,0.000744
22000,1.0570,0.187474,0.005507,0.000525,0.001018
