Cycle,Area(mm^2),PeakDynamic(W),SubthresholdLeakage(W),GateLeakage(W),RunTimeDynamic(W)
1000,15.7031,5.502199,0.052647,0.006391,0.553711
2000,15.7031,5.502199,0.052647,0.006391,0.550220
3000,15.7031,5.502199,0.052647,0.006391,0.550220
4000,15.7031,5.502199,0.052647,0.006391,0.550220
5000,15.7031,5.502199,0.052647,0.006391,0.550220
6000,15.7031,5.502199,0.052647,0.006391,5.104370
7000,15.7031,5.502199,0.052647,0.006391,14.278003
8000,15.7031,5.502199,0.052647,0.006391,16.821702
9000,15.7031,5.502199,0.052647,0.006391,16.335224
