Cycle,Area(mm^2),PeakDynamic(W),SubthresholdLeakage(W),GateLeakage(W),RunTimeDynamic(W)
1000,23.8212,1.028147,0.538949,0.086720,9.465401
2000,23.8212,1.028147,0.538949,0.086720,9.124054
3000,23.8212,1.028147,0.538949,0.086720,9.124054
4000,23.8212,1.028147,0.538949,0.086720,9.124054
5000,23.8212,1.028147,0.538949,0.086720,9.124054
6000,23.8212,1.028147,0.538949,0.086720,15.307579
7000,23.8212,1.028147,0.538949,0.086720,15.434083
8000,23.8212,1.028147,0.538949,0.086720,13.314468
9000,23.8212,1.028147,0.538949,0.086720,13.746910
10000,23.8212,1.028147,0.538949,0.086720,14.948812
11000,23.8212,1.028147,0.538949,0.086720,15.711317
12000,23.8212,1.028147,0.538949,0.086720,15.877934
13000,23.8212,1.028147,0.538949,0.086720,16.330446
14000,23.8212,1.028147,0.538949,0.086720,15.140322
15000,23.8212,1.028147,0.538949,0.086720,15.033762
16000,23.8212,1.028147,0.538949,0.086720,14.241214
17000,23.8212,1.028147,0.538949,0.086720,15.827398
18000,23.8212,1.028147,0.538949,0.086720,15.898033
19000,23.8212,1.028147,0.538949,0.086720,15.866918
20000,23.8212,1.028147,0.538949,0.086720,15.543381
21000,23.8212,1.028147,0.538949,0.086720,15.496874
22000,23.8212,1.028147,0.538949,0.086720,14.332883
23000,23.8212,1.028147,0.538949,0.086720,15.732214
24000,23.8212,1.028147,0.538949,0.086720,14.783119
25000,23.8212,1.028147,0.538949,0.086720,16.241320
26000,23.8212,1.028147,0.538949,0.086720,15.814623
27000,23.8212,1.028147,0.538949,0.086720,15.944799
28000,23.8212,1.028147,0.538949,0.086720,14.573265
29000,23.8212,1.028147,0.538949,0.086720,13.343117
30000,23.8212,1.028147,0.538949,0.086720,15.605018
31000,23.8212,1.028147,0.538949,0.086720,15.845184
32000,23.8212,1.028147,0.538949,0.086720,16.580592
33000,23.8212,1.028147,0.538949,0.086720,15.520339
34000,23.8212,1.028147,0.538949,0.086720,15.612746
35000,23.8212,1.028147,0.538949,0.086720,15.492585
36000,23.8212,1.028147,0.538949,0.086720,14.652998
37000,23.8212,1.028147,0.538949,0.086720,15.683287
38000,23.8212,1.028147,0.538949,0.086720,15.865684
39000,23.8212,1.028147,0.538949,0.086720,15.559475
40000,23.8212,1.028147,0.538949,0.086720,8.128593
