Cycle,RunTimeDynamic(W)
1000000,7.069792
1001000,7.069792
1002000,7.279340
1003000,7.873768
1004000,8.200958
1005000,8.200958
1006000,8.200958
1007000,8.200958
1008000,8.200958
1009000,8.200958
1010000,8.200958
1011000,8.200958
1012000,8.200958
1013000,8.200958
1014000,8.200958
1015000,8.200958
1016000,8.200958
