Cycle,Area(mm^2),PeakDynamic(W),SubthresholdLeakage(W),GateLeakage(W),RunTimeDynamic(W)
1000,0.7779,0.306348,0.002724,0.000334,0.183856
2000,0.7779,0.306348,0.002724,0.000334,0.183809
3000,0.7779,0.306348,0.002724,0.000334,0.183809
4000,0.7779,0.306348,0.002724,0.000334,0.183809
5000,0.7779,0.306348,0.002724,0.000334,0.183809
6000,0.7779,0.306348,0.002724,0.000334,0.244480
7000,0.7779,0.306348,0.002724,0.000334,0.255422
8000,0.7779,0.306348,0.002724,0.000334,0.278362
9000,0.7779,0.306348,0.002724,0.000334,0.266880
10000,0.7779,0.306348,0.002724,0.000334,0.263170
11000,0.7779,0.306348,0.002724,0.000334,0.273032
12000,0.7779,0.306348,0.002724,0.000334,0.269134
13000,0.7779,0.306348,0.002724,0.000334,0.273572
14000,0.7779,0.306348,0.002724,0.000334,0.270731
15000,0.7779,0.306348,0.002724,0.000334,0.271036
16000,0.7779,0.306348,0.002724,0.000334,0.274746
17000,0.7779,0.306348,0.002724,0.000334,0.275755
18000,0.7779,0.306348,0.002724,0.000334,0.272374
19000,0.7779,0.306348,0.002724,0.000334,0.277188
20000,0.7779,0.306348,0.002724,0.000334,0.279851
21000,0.7779,0.306348,0.002724,0.000334,0.276963
22000,0.7779,0.306348,0.002724,0.000334,0.288388
23000,0.7779,0.306348,0.002724,0.000334,0.290242
24000,0.7779,0.306348,0.002724,0.000334,0.294760
25000,0.7779,0.306348,0.002724,0.000334,0.298571
26000,0.7779,0.306348,0.002724,0.000334,0.303975
27000,0.7779,0.306348,0.002724,0.000334,0.307960
