Cycle,Area(mm^2),PeakDynamic(W),SubthresholdLeakage(W),GateLeakage(W),RunTimeDynamic(W)
1000,0.2191,0.065854,0.000377,0.000034,0.039515
2000,0.2191,0.065854,0.000377,0.000034,0.039512
3000,0.2191,0.065854,0.000377,0.000034,0.039512
4000,0.2191,0.065854,0.000377,0.000034,0.039512
5000,0.2191,0.065854,0.000377,0.000034,0.039512
6000,0.2191,0.065854,0.000377,0.000034,0.618162
7000,0.2191,0.065854,0.000377,0.000034,0.717833
8000,0.2191,0.065854,0.000377,0.000034,0.723522
9000,0.2191,0.065854,0.000377,0.000034,0.737742
10000,0.2191,0.065854,0.000377,0.000034,0.753664
11000,0.2191,0.065854,0.000377,0.000034,0.738679
12000,0.2191,0.065854,0.000377,0.000034,0.754167
13000,0.2191,0.065854,0.000377,0.000034,0.749297
14000,0.2191,0.065854,0.000377,0.000034,0.732599
15000,0.2191,0.065854,0.000377,0.000034,0.730688
16000,0.2191,0.065854,0.000377,0.000034,0.763549
17000,0.2191,0.065854,0.000377,0.000034,0.715015
18000,0.2191,0.065854,0.000377,0.000034,0.740712
19000,0.2191,0.065854,0.000377,0.000034,0.731830
20000,0.2191,0.065854,0.000377,0.000034,0.720637
21000,0.2191,0.065854,0.000377,0.000034,0.740288
22000,0.2191,0.065854,0.000377,0.000034,0.740311
23000,0.2191,0.065854,0.000377,0.000034,0.723474
24000,0.2191,0.065854,0.000377,0.000034,0.721753
25000,0.2191,0.065854,0.000377,0.000034,0.727261
26000,0.2191,0.065854,0.000377,0.000034,0.699585
27000,0.2191,0.065854,0.000377,0.000034,0.687318
