Cycle,Area(mm^2),PeakDynamic(W),SubthresholdLeakage(W),GateLeakage(W),RunTimeDynamic(W)
1000,23.8212,1.028147,0.538949,0.086720,9.200421
2000,23.8212,1.028147,0.538949,0.086720,9.124054
3000,23.8212,1.028147,0.538949,0.086720,9.124054
4000,23.8212,1.028147,0.538949,0.086720,9.124054
5000,23.8212,1.028147,0.538949,0.086720,9.124054
6000,23.8212,1.028147,0.538949,0.086720,23.181307
7000,23.8212,1.028147,0.538949,0.086720,23.646351
8000,23.8212,1.028147,0.538949,0.086720,23.487791
9000,23.8212,1.028147,0.538949,0.086720,24.909119
10000,23.8212,1.028147,0.538949,0.086720,24.772899
11000,23.8212,1.028147,0.538949,0.086720,24.471398
12000,23.8212,1.028147,0.538949,0.086720,24.362835
13000,23.8212,1.028147,0.538949,0.086720,24.799881
14000,23.8212,1.028147,0.538949,0.086720,24.355022
15000,23.8212,1.028147,0.538949,0.086720,23.741196
16000,23.8212,1.028147,0.538949,0.086720,25.401033
17000,23.8212,1.028147,0.538949,0.086720,23.863702
18000,23.8212,1.028147,0.538949,0.086720,24.068598
19000,23.8212,1.028147,0.538949,0.086720,24.395710
20000,23.8212,1.028147,0.538949,0.086720,24.069913
21000,23.8212,1.028147,0.538949,0.086720,24.116762
22000,23.8212,1.028147,0.538949,0.086720,24.645371
23000,23.8212,1.028147,0.538949,0.086720,23.733254
24000,23.8212,1.028147,0.538949,0.086720,24.270992
25000,23.8212,1.028147,0.538949,0.086720,24.244170
26000,23.8212,1.028147,0.538949,0.086720,23.259721
27000,23.8212,1.028147,0.538949,0.086720,23.557511
