Cycle,Area(mm^2),PeakDynamic(W),SubthresholdLeakage(W),GateLeakage(W),RunTimeDynamic(W)
1000,15.7031,5.502199,0.052647,0.006391,0.556758
2000,15.7031,5.502199,0.052647,0.006391,0.550220
3000,15.7031,5.502199,0.052647,0.006391,0.550220
4000,15.7031,5.502199,0.052647,0.006391,0.550220
5000,15.7031,5.502199,0.052647,0.006391,0.550220
6000,15.7031,5.502199,0.052647,0.006391,8.440242
7000,15.7031,5.502199,0.052647,0.006391,9.841543
8000,15.7031,5.502199,0.052647,0.006391,12.597087
9000,15.7031,5.502199,0.052647,0.006391,11.246780
10000,15.7031,5.502199,0.052647,0.006391,10.807244
11000,15.7031,5.502199,0.052647,0.006391,11.978538
12000,15.7031,5.502199,0.052647,0.006391,11.528775
13000,15.7031,5.502199,0.052647,0.006391,12.049329
14000,15.7031,5.502199,0.052647,0.006391,11.703078
15000,15.7031,5.502199,0.052647,0.006391,11.726845
16000,15.7031,5.502199,0.052647,0.006391,12.204264
17000,15.7031,5.502199,0.052647,0.006391,12.287616
18000,15.7031,5.502199,0.052647,0.006391,11.897247
19000,15.7031,5.502199,0.052647,0.006391,12.465166
20000,15.7031,5.502199,0.052647,0.006391,12.780857
21000,15.7031,5.502199,0.052647,0.006391,12.444892
22000,15.7031,5.502199,0.052647,0.006391,13.817580
23000,15.7031,5.502199,0.052647,0.006391,14.030288
24000,15.7031,5.502199,0.052647,0.006391,14.558204
25000,15.7031,5.502199,0.052647,0.006391,15.023099
26000,15.7031,5.502199,0.052647,0.006391,15.616943
27000,15.7031,5.502199,0.052647,0.006391,16.088961
