Cycle,Area(mm^2),PeakDynamic(W),SubthresholdLeakage(W),GateLeakage(W),RunTimeDynamic(W)
1000,23.8212,1.028147,0.538949,0.086720,8.805298
2000,23.8212,1.028147,0.538949,0.086720,8.782560
3000,23.8212,1.028147,0.538949,0.086720,8.782560
4000,23.8212,1.028147,0.538949,0.086720,8.782560
5000,23.8212,1.028147,0.538949,0.086720,8.782560
6000,23.8212,1.028147,0.538949,0.086720,15.407122
7000,23.8212,1.028147,0.538949,0.086720,20.770834
8000,23.8212,1.028147,0.538949,0.086720,23.059054
9000,23.8212,1.028147,0.538949,0.086720,21.926567
10000,23.8212,1.028147,0.538949,0.086720,21.509121
11000,23.8212,1.028147,0.538949,0.086720,21.725449
12000,23.8212,1.028147,0.538949,0.086720,22.892093
13000,23.8212,1.028147,0.538949,0.086720,21.224677
14000,23.8212,1.028147,0.538949,0.086720,22.709981
15000,23.8212,1.028147,0.538949,0.086720,22.193460
16000,23.8212,1.028147,0.538949,0.086720,21.699787
17000,23.8212,1.028147,0.538949,0.086720,20.228222
18000,23.8212,1.028147,0.538949,0.086720,18.498296
19000,23.8212,1.028147,0.538949,0.086720,18.878948
20000,23.8212,1.028147,0.538949,0.086720,19.132159
21000,23.8212,1.028147,0.538949,0.086720,19.286036
22000,23.8212,1.028147,0.538949,0.086720,19.395188
23000,23.8212,1.028147,0.538949,0.086720,19.812092
24000,23.8212,1.028147,0.538949,0.086720,19.451940
25000,23.8212,1.028147,0.538949,0.086720,19.324707
26000,23.8212,1.028147,0.538949,0.086720,18.701144
27000,23.8212,1.028147,0.538949,0.086720,19.590918
28000,23.8212,1.028147,0.538949,0.086720,19.099325
29000,23.8212,1.028147,0.538949,0.086720,18.319894
30000,23.8212,1.028147,0.538949,0.086720,19.127825
