Cycle,Area(mm^2),PeakDynamic(W),SubthresholdLeakage(W),GateLeakage(W),RunTimeDynamic(W)
1000,1.3415,0.039994,0.023482,0.002970,0.405181
2000,1.3415,0.039994,0.023482,0.002970,0.213435
3000,1.3415,0.039994,0.023482,0.002970,0.213435
4000,1.3415,0.039994,0.023482,0.002970,0.213435
5000,1.3415,0.039994,0.023482,0.002970,0.213435
6000,1.3415,0.039994,0.023482,0.002970,0.353209
7000,1.3415,0.039994,0.023482,0.002970,0.311931
8000,1.3415,0.039994,0.023482,0.002970,0.091795
9000,1.3415,0.039994,0.023482,0.002970,0.275723
10000,1.3415,0.039994,0.023482,0.002970,0.127749
11000,1.3415,0.039994,0.023482,0.002970,0.253624
12000,1.3415,0.039994,0.023482,0.002970,0.169543
13000,1.3415,0.039994,0.023482,0.002970,0.215710
14000,1.3415,0.039994,0.023482,0.002970,0.202315
15000,1.3415,0.039994,0.023482,0.002970,0.201089
16000,1.3415,0.039994,0.023482,0.002970,0.221112
17000,1.3415,0.039994,0.023482,0.002970,0.186031
18000,1.3415,0.039994,0.023482,0.002970,0.233928
19000,1.3415,0.039994,0.023482,0.002970,0.190834
20000,1.3415,0.039994,0.023482,0.002970,0.258960
21000,1.3415,0.039994,0.023482,0.002970,0.209720
22000,1.3415,0.039994,0.023482,0.002970,0.264841
23000,1.3415,0.039994,0.023482,0.002970,0.275975
24000,1.3415,0.039994,0.023482,0.002970,0.252467
25000,1.3415,0.039994,0.023482,0.002970,0.273813
26000,1.3415,0.039994,0.023482,0.002970,0.284376
27000,1.3415,0.039994,0.023482,0.002970,0.251225
28000,1.3415,0.039994,0.023482,0.002970,0.272985
29000,1.3415,0.039994,0.023482,0.002970,0.141226
