Cycle,Area(mm^2),PeakDynamic(W),SubthresholdLeakage(W),GateLeakage(W),RunTimeDynamic(W)
1000,0.7779,0.306348,0.002724,0.000334,0.183809
2000,0.7779,0.306348,0.002724,0.000334,0.183809
3000,0.7779,0.306348,0.002724,0.000334,0.183809
4000,0.7779,0.306348,0.002724,0.000334,0.183809
5000,0.7779,0.306348,0.002724,0.000334,0.183809
6000,0.7779,0.306348,0.002724,0.000334,0.183809
7000,0.7779,0.306348,0.002724,0.000334,0.224730
8000,0.7779,0.306348,0.002724,0.000334,0.242124
9000,0.7779,0.306348,0.002724,0.000334,0.228005
10000,0.7779,0.306348,0.002724,0.000334,0.232748
11000,0.7779,0.306348,0.002724,0.000334,0.215835
12000,0.7779,0.306348,0.002724,0.000334,0.196957
13000,0.7779,0.306348,0.002724,0.000334,0.210857
14000,0.7779,0.306348,0.002724,0.000334,0.183809
15000,0.7779,0.306348,0.002724,0.000334,0.184044
16000,0.7779,0.306348,0.002724,0.000334,0.183856
17000,0.7779,0.306348,0.002724,0.000334,0.183926
18000,0.7779,0.306348,0.002724,0.000334,0.183832
19000,0.7779,0.306348,0.002724,0.000334,0.183856
20000,0.7779,0.306348,0.002724,0.000334,0.183973
21000,0.7779,0.306348,0.002724,0.000334,0.183973
22000,0.7779,0.306348,0.002724,0.000334,0.184184
23000,0.7779,0.306348,0.002724,0.000334,0.183950
24000,0.7779,0.306348,0.002724,0.000334,0.184020
25000,0.7779,0.306348,0.002724,0.000334,0.183926
26000,0.7779,0.306348,0.002724,0.000334,0.183832
27000,0.7779,0.306348,0.002724,0.000334,0.183903
28000,0.7779,0.306348,0.002724,0.000334,0.183809
29000,0.7779,0.306348,0.002724,0.000334,0.183879
