Cycle,Area(mm^2),PeakDynamic(W),SubthresholdLeakage(W),GateLeakage(W),RunTimeDynamic(W)
1000,15.7031,5.502199,0.052647,0.006391,0.550604
2000,15.7031,5.502199,0.052647,0.006391,0.550220
3000,15.7031,5.502199,0.052647,0.006391,0.550220
4000,15.7031,5.502199,0.052647,0.006391,0.550220
5000,15.7031,5.502199,0.052647,0.006391,0.550220
6000,15.7031,5.502199,0.052647,0.006391,1.389479
7000,15.7031,5.502199,0.052647,0.006391,6.262101
8000,15.7031,5.502199,0.052647,0.006391,8.707565
9000,15.7031,5.502199,0.052647,0.006391,6.828430
10000,15.7031,5.502199,0.052647,0.006391,8.002492
11000,15.7031,5.502199,0.052647,0.006391,5.822688
12000,15.7031,5.502199,0.052647,0.006391,3.789194
13000,15.7031,5.502199,0.052647,0.006391,5.450772
14000,15.7031,5.502199,0.052647,0.006391,2.145447
15000,15.7031,5.502199,0.052647,0.006391,2.399555
16000,15.7031,5.502199,0.052647,0.006391,2.082603
17000,15.7031,5.502199,0.052647,0.006391,2.473584
18000,15.7031,5.502199,0.052647,0.006391,2.078169
19000,15.7031,5.502199,0.052647,0.006391,2.485649
20000,15.7031,5.502199,0.052647,0.006391,2.256673
21000,15.7031,5.502199,0.052647,0.006391,2.512825
22000,15.7031,5.502199,0.052647,0.006391,2.676546
23000,15.7031,5.502199,0.052647,0.006391,2.346343
24000,15.7031,5.502199,0.052647,0.006391,2.801572
25000,15.7031,5.502199,0.052647,0.006391,2.741851
26000,15.7031,5.502199,0.052647,0.006391,2.508736
27000,15.7031,5.502199,0.052647,0.006391,2.568818
28000,15.7031,5.502199,0.052647,0.006391,2.694149
29000,15.7031,5.502199,0.052647,0.006391,1.538693
