Cycle,Area(mm^2),PeakDynamic(W),SubthresholdLeakage(W),GateLeakage(W),RunTimeDynamic(W)
1000,1.3415,0.039994,0.023482,0.002970,0.000000
2000,1.3415,0.039994,0.023482,0.002970,0.000000
3000,1.3415,0.039994,0.023482,0.002970,0.000000
4000,1.3415,0.039994,0.023482,0.002970,0.000000
5000,1.3415,0.039994,0.023482,0.002970,0.000000
6000,1.3415,0.039994,0.023482,0.002970,0.466172
7000,1.3415,0.039994,0.023482,0.002970,0.538049
8000,1.3415,0.039994,0.023482,0.002970,0.584719
9000,1.3415,0.039994,0.023482,0.002970,0.602734
10000,1.3415,0.039994,0.023482,0.002970,0.537307
11000,1.3415,0.039994,0.023482,0.002970,0.502087
12000,1.3415,0.039994,0.023482,0.002970,0.533201
13000,1.3415,0.039994,0.023482,0.002970,0.527998
14000,1.3415,0.039994,0.023482,0.002970,0.545898
15000,1.3415,0.039994,0.023482,0.002970,0.534637
16000,1.3415,0.039994,0.023482,0.002970,0.516370
17000,1.3415,0.039994,0.023482,0.002970,0.488915
18000,1.3415,0.039994,0.023482,0.002970,0.515957
19000,1.3415,0.039994,0.023482,0.002970,0.526242
20000,1.3415,0.039994,0.023482,0.002970,0.532901
21000,1.3415,0.039994,0.023482,0.002970,0.538013
22000,1.3415,0.039994,0.023482,0.002970,0.522661
23000,1.3415,0.039994,0.023482,0.002970,0.502847
24000,1.3415,0.039994,0.023482,0.002970,0.501261
25000,1.3415,0.039994,0.023482,0.002970,0.510753
26000,1.3415,0.039994,0.023482,0.002970,0.535972
27000,1.3415,0.039994,0.023482,0.002970,0.606952
28000,1.3415,0.039994,0.023482,0.002970,0.577190
29000,1.3415,0.039994,0.023482,0.002970,0.614767
30000,1.3415,0.039994,0.023482,0.002970,0.444441
